Data,Anno,Coltura,Varietà,Quantità,Prezzo,Ricavo,Num_dipendenti,Costo_dipendenti
2021-11-01,2021,Oliveto,Coratina,1799,0.92,1655.0800000000002,4,260
2021-11-02,2021,Oliveto,Coratina,1515,0.8,1212.0,4,260
2021-11-03,2021,Oliveto,Coratina,2243,1.01,2265.43,4,260
2021-11-04,2021,Oliveto,Coratina,2239,0.88,1970.32,3,195
2021-11-05,2021,Oliveto,Coratina,1833,1.05,1924.65,3,195
2021-11-06,2021,Oliveto,Coratina,2696,0.89,2399.44,4,260
2021-11-07,2021,Oliveto,Coratina,2698,1.0,2698.0,3,195
2021-11-08,2021,Oliveto,Coratina,1526,0.84,1281.84,3,195
2021-11-09,2021,Oliveto,Coratina,2920,0.84,2452.7999999999997,3,195
2021-11-10,2021,Oliveto,Coratina,1579,1.05,1657.95,3,195
2021-11-11,2021,Oliveto,Coratina,2797,0.95,2657.15,4,260
2021-11-12,2021,Oliveto,Coratina,2482,0.82,2035.2399999999998,4,260
2021-11-13,2021,Oliveto,Coratina,2021,0.82,1657.2199999999998,4,260
2021-11-14,2021,Oliveto,Coratina,1803,1.01,1821.03,3,195
2021-11-15,2021,Oliveto,Coratina,1550,0.88,1364.0,3,195
2021-11-16,2021,Oliveto,Coratina,2733,1.01,2760.33,4,260
2021-11-17,2021,Oliveto,Coratina,2843,1.03,2928.29,3,195
2021-11-18,2021,Oliveto,Coratina,1799,0.92,1655.0800000000002,4,260
2021-11-19,2021,Oliveto,Coratina,1795,0.85,1525.75,3,195
2021-11-20,2021,Oliveto,Coratina,2006,0.96,1925.76,3,195
2021-11-21,2021,Oliveto,Coratina,1787,0.93,1661.91,4,260
2021-11-22,2021,Oliveto,Coratina,2337,1.09,2547.3300000000004,4,260
2021-11-23,2021,Oliveto,Coratina,1520,0.87,1322.4,3,195
2021-11-24,2021,Oliveto,Coratina,2425,0.88,2134.0,3,195
2021-11-25,2021,Oliveto,Coratina,1732,1.09,1887.88,3,195
2021-11-26,2021,Oliveto,Coratina,1656,0.88,1457.28,3,195
2021-11-27,2021,Oliveto,Coratina,2316,0.98,2269.68,4,260
2021-11-28,2021,Oliveto,Coratina,2169,0.84,1821.96,4,260
2021-11-29,2021,Oliveto,Coratina,2266,1.0,2266.0,4,260
2021-11-30,2021,Oliveto,Coratina,1655,0.99,1638.45,3,195
2021-12-01,2021,Oliveto,Coratina,2012,1.06,2132.7200000000003,3,195
2021-12-02,2021,Oliveto,Coratina,1920,0.95,1824.0,3,195
2021-12-03,2021,Oliveto,Coratina,2417,0.94,2271.98,4,260
2021-12-04,2021,Oliveto,Coratina,1785,1.04,1856.4,4,260
2021-12-05,2021,Oliveto,Coratina,2530,0.86,2175.8,4,260
2021-12-06,2021,Oliveto,Coratina,2079,1.05,2182.9500000000003,3,195
2021-12-07,2021,Oliveto,Coratina,2821,0.86,2426.06,4,260
2021-12-08,2021,Oliveto,Coratina,1894,0.98,1856.12,3,195
2021-12-09,2021,Oliveto,Coratina,2403,1.08,2595.2400000000002,3,195
2021-12-10,2021,Oliveto,Coratina,2866,1.07,3066.6200000000003,3,195
2021-12-11,2021,Oliveto,Coratina,1812,1.06,1920.72,3,195
2021-12-12,2021,Oliveto,Coratina,2479,0.87,2156.73,3,195
2021-12-13,2021,Oliveto,Coratina,1558,0.91,1417.78,3,195
2021-12-14,2021,Oliveto,Coratina,2810,1.08,3034.8,3,195
2021-12-15,2021,Oliveto,Coratina,2944,1.03,3032.32,3,195
2021-12-16,2021,Oliveto,Coratina,2931,0.86,2520.66,3,195
2021-12-17,2021,Oliveto,Coratina,2641,0.96,2535.36,4,260
2021-12-18,2021,Oliveto,Coratina,2355,0.89,2095.95,3,195
2021-12-19,2021,Oliveto,Coratina,2963,0.85,2518.5499999999997,4,260
2021-12-20,2021,Oliveto,Coratina,2200,1.08,2376.0,4,260
2021-12-21,2021,Oliveto,Coratina,2622,1.06,2779.32,4,260
2021-12-22,2021,Oliveto,Coratina,1907,0.9,1716.3,3,195
2021-12-23,2021,Oliveto,Coratina,2674,0.94,2513.56,3,195
2021-12-24,2021,Oliveto,Coratina,2801,1.01,2829.01,3,195
2021-12-25,2021,Oliveto,Coratina,2869,0.96,2754.24,3,195
2021-12-26,2021,Oliveto,Coratina,2791,0.95,2651.45,3,195
2021-12-27,2021,Oliveto,Coratina,1988,1.08,2147.04,3,195
2021-12-28,2021,Oliveto,Coratina,1957,0.88,1722.16,3,195
2021-12-29,2021,Oliveto,Coratina,2552,0.86,2194.72,4,260
2021-12-30,2021,Oliveto,Coratina,2872,0.84,2412.48,3,195
2021-12-31,2021,Oliveto,Coratina,1663,1.1,1829.3000000000002,3,195
2022-11-01,2022,Oliveto,Coratina,2382,0.82,1953.2399999999998,4,260
2022-11-02,2022,Oliveto,Coratina,2686,0.95,2551.7,4,260
2022-11-03,2022,Oliveto,Coratina,1928,0.81,1561.68,3,195
2022-11-04,2022,Oliveto,Coratina,2090,0.99,2069.1,4,260
2022-11-05,2022,Oliveto,Coratina,1974,0.87,1717.3799999999999,3,195
2022-11-06,2022,Oliveto,Coratina,2460,0.97,2386.2,4,260
2022-11-07,2022,Oliveto,Coratina,2390,0.95,2270.5,3,195
2022-11-08,2022,Oliveto,Coratina,1566,0.82,1284.12,3,195
2022-11-09,2022,Oliveto,Coratina,2516,0.95,2390.2,4,260
2022-11-10,2022,Oliveto,Coratina,2636,1.08,2846.88,3,195
2022-11-11,2022,Oliveto,Coratina,2915,0.85,2477.75,3,195
2022-11-12,2022,Oliveto,Coratina,1566,0.85,1331.1,4,260
2022-11-13,2022,Oliveto,Coratina,2143,1.01,2164.43,3,195
2022-11-14,2022,Oliveto,Coratina,2570,0.91,2338.7000000000003,3,195
2022-11-15,2022,Oliveto,Coratina,2854,0.86,2454.44,3,195
2022-11-16,2022,Oliveto,Coratina,2893,0.88,2545.84,4,260
2022-11-17,2022,Oliveto,Coratina,2429,1.03,2501.87,3,195
2022-11-18,2022,Oliveto,Coratina,2440,1.09,2659.6000000000004,4,260
2022-11-19,2022,Oliveto,Coratina,1768,1.1,1944.8000000000002,3,195
2022-11-20,2022,Oliveto,Coratina,2498,0.83,2073.3399999999997,3,195
2022-11-21,2022,Oliveto,Coratina,1728,1.0,1728.0,4,260
2022-11-22,2022,Oliveto,Coratina,1776,0.84,1491.84,3,195
2022-11-23,2022,Oliveto,Coratina,1571,0.84,1319.6399999999999,3,195
2022-11-24,2022,Oliveto,Coratina,2306,0.98,2259.88,3,195
2022-11-25,2022,Oliveto,Coratina,2404,0.88,2115.52,3,195
2022-11-26,2022,Oliveto,Coratina,2200,1.04,2288.0,4,260
2022-11-27,2022,Oliveto,Coratina,2847,0.86,2448.42,3,195
2022-11-28,2022,Oliveto,Coratina,2420,1.09,2637.8,4,260
2022-11-29,2022,Oliveto,Coratina,1911,0.97,1853.6699999999998,4,260
2022-11-30,2022,Oliveto,Coratina,2957,1.01,2986.57,3,195
2022-12-01,2022,Oliveto,Coratina,1958,0.93,1820.94,3,195
2022-12-02,2022,Oliveto,Coratina,2267,1.08,2448.36,4,260
2022-12-03,2022,Oliveto,Coratina,2415,1.07,2584.05,3,195
2022-12-04,2022,Oliveto,Coratina,2154,0.99,2132.46,4,260
2022-12-05,2022,Oliveto,Coratina,1639,0.89,1458.71,4,260
2022-12-06,2022,Oliveto,Coratina,2509,1.03,2584.27,3,195
2022-12-07,2022,Oliveto,Coratina,2542,0.82,2084.44,4,260
2022-12-08,2022,Oliveto,Coratina,1586,1.02,1617.72,4,260
2022-12-09,2022,Oliveto,Coratina,1838,0.82,1507.1599999999999,4,260
2022-12-10,2022,Oliveto,Coratina,2612,0.91,2376.92,4,260
2022-12-11,2022,Oliveto,Coratina,2190,0.98,2146.2,3,195
2022-12-12,2022,Oliveto,Coratina,2204,1.0,2204.0,4,260
2022-12-13,2022,Oliveto,Coratina,1664,0.82,1364.48,3,195
2022-12-14,2022,Oliveto,Coratina,2279,0.89,2028.31,4,260
2022-12-15,2022,Oliveto,Coratina,2378,0.96,2282.88,3,195
2022-12-16,2022,Oliveto,Coratina,1854,0.86,1594.44,3,195
2022-12-17,2022,Oliveto,Coratina,1562,0.99,1546.3799999999999,3,195
2022-12-18,2022,Oliveto,Coratina,2057,0.86,1769.02,4,260
2022-12-19,2022,Oliveto,Coratina,2822,0.83,2342.2599999999998,4,260
2022-12-20,2022,Oliveto,Coratina,2618,0.99,2591.82,4,260
2022-12-21,2022,Oliveto,Coratina,2379,0.83,1974.57,3,195
2022-12-22,2022,Oliveto,Coratina,2268,0.92,2086.56,4,260
2022-12-23,2022,Oliveto,Coratina,2156,1.08,2328.48,3,195
2022-12-24,2022,Oliveto,Coratina,2518,0.92,2316.56,4,260
2022-12-25,2022,Oliveto,Coratina,2524,0.88,2221.12,3,195
2022-12-26,2022,Oliveto,Coratina,2756,0.83,2287.48,4,260
2022-12-27,2022,Oliveto,Coratina,2581,1.02,2632.62,3,195
2022-12-28,2022,Oliveto,Coratina,1802,1.07,1928.14,3,195
2022-12-29,2022,Oliveto,Coratina,2487,0.82,2039.34,3,195
2022-12-30,2022,Oliveto,Coratina,1852,0.95,1759.3999999999999,4,260
2022-12-31,2022,Oliveto,Coratina,2476,0.94,2327.44,4,260
2023-11-01,2023,Oliveto,Coratina,1569,0.85,1333.6499999999999,4,260
2023-11-02,2023,Oliveto,Coratina,1911,0.84,1605.24,4,260
2023-11-03,2023,Oliveto,Coratina,1555,0.93,1446.15,3,195
2023-11-04,2023,Oliveto,Coratina,2753,1.0,2753.0,4,260
2023-11-05,2023,Oliveto,Coratina,1714,1.05,1799.7,3,195
2023-11-06,2023,Oliveto,Coratina,2737,1.02,2791.7400000000002,4,260
2023-11-07,2023,Oliveto,Coratina,2499,1.0,2499.0,3,195
2023-11-08,2023,Oliveto,Coratina,2885,0.87,2509.95,4,260
2023-11-09,2023,Oliveto,Coratina,2295,0.88,2019.6,3,195
2023-11-10,2023,Oliveto,Coratina,1968,1.01,1987.68,3,195
2023-11-11,2023,Oliveto,Coratina,1719,1.04,1787.76,3,195
2023-11-12,2023,Oliveto,Coratina,2360,0.81,1911.6000000000001,3,195
2023-11-13,2023,Oliveto,Coratina,1660,0.97,1610.2,4,260
2023-11-14,2023,Oliveto,Coratina,2630,1.0,2630.0,4,260
2023-11-15,2023,Oliveto,Coratina,2131,0.86,1832.66,4,260
2023-11-16,2023,Oliveto,Coratina,2084,1.05,2188.2000000000003,4,260
2023-11-17,2023,Oliveto,Coratina,1558,1.04,1620.3200000000002,4,260
2023-11-18,2023,Oliveto,Coratina,2851,1.05,2993.55,3,195
2023-11-19,2023,Oliveto,Coratina,1670,0.86,1436.2,3,195
2023-11-20,2023,Oliveto,Coratina,2004,1.06,2124.2400000000002,4,260
2023-11-21,2023,Oliveto,Coratina,1769,1.03,1822.07,4,260
2023-11-22,2023,Oliveto,Coratina,2708,0.94,2545.52,4,260
2023-11-23,2023,Oliveto,Coratina,2647,0.91,2408.77,3,195
2023-11-24,2023,Oliveto,Coratina,1928,1.04,2005.1200000000001,4,260
2023-11-25,2023,Oliveto,Coratina,1790,1.07,1915.3000000000002,4,260
2023-11-26,2023,Oliveto,Coratina,2976,0.83,2470.08,4,260
2023-11-27,2023,Oliveto,Coratina,2760,1.03,2842.8,3,195
2023-11-28,2023,Oliveto,Coratina,1841,1.09,2006.69,4,260
2023-11-29,2023,Oliveto,Coratina,2161,1.09,2355.4900000000002,4,260
2023-11-30,2023,Oliveto,Coratina,2208,1.01,2230.08,4,260
2023-12-01,2023,Oliveto,Coratina,2229,1.07,2385.03,3,195
2023-12-02,2023,Oliveto,Coratina,2914,1.02,2972.28,4,260
2023-12-03,2023,Oliveto,Coratina,2952,0.87,2568.24,3,195
2023-12-04,2023,Oliveto,Coratina,2973,1.06,3151.38,4,260
2023-12-05,2023,Oliveto,Coratina,2899,1.09,3159.9100000000003,4,260
2023-12-06,2023,Oliveto,Coratina,2580,0.86,2218.8,4,260
2023-12-07,2023,Oliveto,Coratina,2678,0.98,2624.44,4,260
2023-12-08,2023,Oliveto,Coratina,2832,0.83,2350.56,3,195
2023-12-09,2023,Oliveto,Coratina,2039,0.98,1998.22,4,260
2023-12-10,2023,Oliveto,Coratina,2199,0.85,1869.1499999999999,4,260
2023-12-11,2023,Oliveto,Coratina,2247,0.99,2224.53,3,195
2023-12-12,2023,Oliveto,Coratina,1849,0.89,1645.6100000000001,4,260
2023-12-13,2023,Oliveto,Coratina,2777,1.04,2888.08,3,195
2023-12-14,2023,Oliveto,Coratina,1605,0.93,1492.65,4,260
2023-12-15,2023,Oliveto,Coratina,2030,1.0,2030.0,4,260
2023-12-16,2023,Oliveto,Coratina,1804,0.83,1497.32,4,260
2023-12-17,2023,Oliveto,Coratina,1843,0.84,1548.12,4,260
2023-12-18,2023,Oliveto,Coratina,2245,0.81,1818.45,3,195
2023-12-19,2023,Oliveto,Coratina,1890,0.97,1833.3,3,195
2023-12-20,2023,Oliveto,Coratina,2921,0.81,2366.01,3,195
2023-12-21,2023,Oliveto,Coratina,2039,0.86,1753.54,4,260
2023-12-22,2023,Oliveto,Coratina,2136,1.04,2221.44,4,260
2023-12-23,2023,Oliveto,Coratina,2557,1.03,2633.71,3,195
2023-12-24,2023,Oliveto,Coratina,2593,0.82,2126.2599999999998,4,260
2023-12-25,2023,Oliveto,Coratina,2785,0.92,2562.2000000000003,3,195
2023-12-26,2023,Oliveto,Coratina,2705,1.1,2975.5000000000005,4,260
2023-12-27,2023,Oliveto,Coratina,2595,0.88,2283.6,4,260
2023-12-28,2023,Oliveto,Coratina,2715,1.05,2850.75,4,260
2023-12-29,2023,Oliveto,Coratina,2003,0.87,1742.61,3,195
2023-12-30,2023,Oliveto,Coratina,1757,0.9,1581.3,4,260
2023-12-31,2023,Oliveto,Coratina,2320,1.06,2459.2000000000003,4,260
2024-11-01,2024,Oliveto,Coratina,2993,1.07,3202.51,3,195
2024-11-02,2024,Oliveto,Coratina,2252,0.86,1936.72,3,195
2024-11-03,2024,Oliveto,Coratina,2291,0.86,1970.26,4,260
2024-11-04,2024,Oliveto,Coratina,2060,0.87,1792.2,3,195
2024-11-05,2024,Oliveto,Coratina,2542,0.91,2313.2200000000003,3,195
2024-11-06,2024,Oliveto,Coratina,1993,0.85,1694.05,4,260
2024-11-07,2024,Oliveto,Coratina,2326,0.97,2256.22,3,195
2024-11-08,2024,Oliveto,Coratina,2305,0.89,2051.45,3,195
2024-11-09,2024,Oliveto,Coratina,2689,0.96,2581.44,4,260
2024-11-10,2024,Oliveto,Coratina,2666,0.96,2559.36,4,260
2024-11-11,2024,Oliveto,Coratina,1794,0.88,1578.72,3,195
2024-11-12,2024,Oliveto,Coratina,2053,0.85,1745.05,3,195
2024-11-13,2024,Oliveto,Coratina,1585,0.95,1505.75,3,195
2024-11-14,2024,Oliveto,Coratina,1590,0.92,1462.8,3,195
2024-11-15,2024,Oliveto,Coratina,1517,1.07,1623.19,4,260
2024-11-16,2024,Oliveto,Coratina,1525,0.88,1342.0,4,260
2024-11-17,2024,Oliveto,Coratina,2661,0.99,2634.39,3,195
2024-11-18,2024,Oliveto,Coratina,2501,0.93,2325.9300000000003,4,260
2024-11-19,2024,Oliveto,Coratina,1579,0.95,1500.05,3,195
2024-11-20,2024,Oliveto,Coratina,1834,0.95,1742.3,4,260
2024-11-21,2024,Oliveto,Coratina,2308,1.07,2469.56,3,195
2024-11-22,2024,Oliveto,Coratina,2701,0.85,2295.85,4,260
2024-11-23,2024,Oliveto,Coratina,2782,0.96,2670.72,4,260
2024-11-24,2024,Oliveto,Coratina,2199,0.82,1803.1799999999998,3,195
2024-11-25,2024,Oliveto,Coratina,2762,0.9,2485.8,3,195
2024-11-26,2024,Oliveto,Coratina,2221,1.0,2221.0,3,195
2024-11-27,2024,Oliveto,Coratina,2897,0.99,2868.03,4,260
2024-11-28,2024,Oliveto,Coratina,2963,0.86,2548.18,4,260
2024-11-29,2024,Oliveto,Coratina,1818,1.09,1981.6200000000001,3,195
2024-11-30,2024,Oliveto,Coratina,1681,0.92,1546.52,4,260
2024-12-01,2024,Oliveto,Coratina,1524,0.96,1463.04,4,260
2024-12-02,2024,Oliveto,Coratina,2323,0.83,1928.09,3,195
2024-12-03,2024,Oliveto,Coratina,2037,1.0,2037.0,3,195
2024-12-04,2024,Oliveto,Coratina,2960,0.99,2930.4,4,260
2024-12-05,2024,Oliveto,Coratina,2017,0.88,1774.96,3,195
2024-12-06,2024,Oliveto,Coratina,1663,1.09,1812.67,3,195
2024-12-07,2024,Oliveto,Coratina,2954,1.01,2983.54,4,260
2024-12-08,2024,Oliveto,Coratina,2649,0.88,2331.12,4,260
2024-12-09,2024,Oliveto,Coratina,1803,0.91,1640.73,3,195
2024-12-10,2024,Oliveto,Coratina,2375,0.9,2137.5,4,260
2024-12-11,2024,Oliveto,Coratina,1767,0.94,1660.98,3,195
2024-12-12,2024,Oliveto,Coratina,1694,1.02,1727.88,3,195
2024-12-13,2024,Oliveto,Coratina,2380,1.01,2403.8,3,195
2024-12-14,2024,Oliveto,Coratina,1519,1.09,1655.71,4,260
2024-12-15,2024,Oliveto,Coratina,2720,1.03,2801.6,3,195
2024-12-16,2024,Oliveto,Coratina,1711,1.09,1864.9900000000002,4,260
2024-12-17,2024,Oliveto,Coratina,2550,0.8,2040.0,3,195
2024-12-18,2024,Oliveto,Coratina,2967,1.02,3026.34,3,195
2024-12-19,2024,Oliveto,Coratina,2423,0.85,2059.5499999999997,4,260
2024-12-20,2024,Oliveto,Coratina,1770,0.89,1575.3,3,195
2024-12-21,2024,Oliveto,Coratina,2296,0.93,2135.28,4,260
2024-12-22,2024,Oliveto,Coratina,1682,0.99,1665.18,3,195
2024-12-23,2024,Oliveto,Coratina,1881,1.07,2012.67,3,195
2024-12-24,2024,Oliveto,Coratina,1560,1.09,1700.4,4,260
2024-12-25,2024,Oliveto,Coratina,1861,0.91,1693.51,3,195
2024-12-26,2024,Oliveto,Coratina,2226,1.01,2248.26,4,260
2024-12-27,2024,Oliveto,Coratina,2699,0.93,2510.07,4,260
2024-12-28,2024,Oliveto,Coratina,2153,1.03,2217.59,3,195
2024-12-29,2024,Oliveto,Coratina,2368,0.82,1941.76,4,260
2024-12-30,2024,Oliveto,Coratina,1839,0.93,1710.27,4,260
2024-12-31,2024,Oliveto,Coratina,2295,1.08,2478.6000000000004,4,260
2025-11-01,2025,Oliveto,Coratina,2259,1.04,2349.36,3,195
2025-11-02,2025,Oliveto,Coratina,2914,0.82,2389.48,4,260
2025-11-03,2025,Oliveto,Coratina,1548,0.89,1377.72,4,260
2025-11-04,2025,Oliveto,Coratina,2444,0.88,2150.72,3,195
2025-11-05,2025,Oliveto,Coratina,2859,0.96,2744.64,4,260
2025-11-06,2025,Oliveto,Coratina,2792,0.89,2484.88,4,260
2025-11-07,2025,Oliveto,Coratina,1764,0.83,1464.12,4,260
2025-11-08,2025,Oliveto,Coratina,1770,1.08,1911.6000000000001,3,195
2025-11-09,2025,Oliveto,Coratina,2062,0.83,1711.4599999999998,4,260
2025-11-10,2025,Oliveto,Coratina,2382,0.89,2119.98,4,260
2025-11-11,2025,Oliveto,Coratina,1756,0.86,1510.16,4,260
2025-11-12,2025,Oliveto,Coratina,2539,1.01,2564.39,4,260
2025-11-13,2025,Oliveto,Coratina,2285,1.08,2467.8,3,195
2025-11-14,2025,Oliveto,Coratina,2366,0.92,2176.7200000000003,4,260
2025-11-15,2025,Oliveto,Coratina,2449,0.93,2277.57,4,260
2025-11-16,2025,Oliveto,Coratina,2129,0.95,2022.55,4,260
2025-11-17,2025,Oliveto,Coratina,1957,0.98,1917.86,3,195
2025-11-18,2025,Oliveto,Coratina,1556,0.89,1384.84,3,195
2025-11-19,2025,Oliveto,Coratina,2043,1.08,2206.44,3,195
2025-11-20,2025,Oliveto,Coratina,2109,1.01,2130.09,3,195
2025-11-21,2025,Oliveto,Coratina,2290,0.91,2083.9,4,260
2025-11-22,2025,Oliveto,Coratina,2541,1.02,2591.82,4,260
2025-11-23,2025,Oliveto,Coratina,2874,0.86,2471.64,3,195
2025-11-24,2025,Oliveto,Coratina,2651,0.99,2624.49,4,260
2025-11-25,2025,Oliveto,Coratina,2299,1.04,2390.96,3,195
2025-11-26,2025,Oliveto,Coratina,2887,0.85,2453.95,3,195
2025-11-27,2025,Oliveto,Coratina,2826,0.84,2373.8399999999997,3,195
2025-11-28,2025,Oliveto,Coratina,1844,0.95,1751.8,4,260
2025-11-29,2025,Oliveto,Coratina,2110,0.95,2004.5,4,260
2025-11-30,2025,Oliveto,Coratina,2987,0.94,2807.7799999999997,4,260
2025-12-01,2025,Oliveto,Coratina,2405,0.98,2356.9,3,195
2025-12-02,2025,Oliveto,Coratina,1639,0.81,1327.5900000000001,4,260
2025-12-03,2025,Oliveto,Coratina,2869,0.83,2381.27,4,260
2025-12-04,2025,Oliveto,Coratina,2590,0.94,2434.6,3,195
2025-12-05,2025,Oliveto,Coratina,2042,0.88,1796.96,3,195
2025-12-06,2025,Oliveto,Coratina,2318,1.02,2364.36,4,260
2025-12-07,2025,Oliveto,Coratina,2907,0.92,2674.44,4,260
2025-12-08,2025,Oliveto,Coratina,2375,0.88,2090.0,3,195
2025-12-09,2025,Oliveto,Coratina,2713,0.81,2197.53,4,260
2025-12-10,2025,Oliveto,Coratina,1654,0.93,1538.22,4,260
2025-12-11,2025,Oliveto,Coratina,2473,1.0,2473.0,3,195
2025-12-12,2025,Oliveto,Coratina,1505,1.09,1640.45,4,260
2025-12-13,2025,Oliveto,Coratina,2991,0.95,2841.45,4,260
2025-12-14,2025,Oliveto,Coratina,1822,0.98,1785.56,4,260
2025-12-15,2025,Oliveto,Coratina,1889,1.0,1889.0,3,195
2025-12-16,2025,Oliveto,Coratina,2852,1.09,3108.6800000000003,4,260
2025-12-17,2025,Oliveto,Coratina,1957,0.84,1643.8799999999999,4,260
2025-12-18,2025,Oliveto,Coratina,2250,0.85,1912.5,3,195
2025-12-19,2025,Oliveto,Coratina,2550,1.02,2601.0,3,195
2025-12-20,2025,Oliveto,Coratina,2921,1.1,3213.1000000000004,3,195
2025-12-21,2025,Oliveto,Coratina,1637,1.09,1784.3300000000002,3,195
2025-12-22,2025,Oliveto,Coratina,2798,0.99,2770.02,4,260
2025-12-23,2025,Oliveto,Coratina,2652,1.03,2731.56,4,260
2025-12-24,2025,Oliveto,Coratina,2280,0.91,2074.8,3,195
2025-12-25,2025,Oliveto,Coratina,1719,0.91,1564.29,4,260
2025-12-26,2025,Oliveto,Coratina,2035,1.04,2116.4,3,195
2025-12-27,2025,Oliveto,Coratina,2237,1.02,2281.7400000000002,3,195
2025-12-28,2025,Oliveto,Coratina,1842,0.82,1510.4399999999998,4,260
2025-12-29,2025,Oliveto,Coratina,2396,0.89,2132.44,4,260
2025-12-30,2025,Oliveto,Coratina,2824,1.03,2908.7200000000003,4,260
2025-12-31,2025,Oliveto,Coratina,2272,0.91,2067.52,3,195
2021-05-01,2021,Ciliegeto,Ferrovia,173,2.19,378.87,3,195
2021-05-02,2021,Ciliegeto,Giorgia,84,4.16,349.44,3,195
2021-05-03,2021,Ciliegeto,Black Star,71,4.83,342.93,4,260
2021-05-04,2021,Ciliegeto,Giorgia,201,3.46,695.46,2,130
2021-05-05,2021,Ciliegeto,Giorgia,210,4.12,865.2,2,130
2021-05-06,2021,Ciliegeto,Bigarreau,250,1.97,492.5,3,195
2021-05-07,2021,Ciliegeto,Black Star,248,3.2,793.6,2,130
2021-05-08,2021,Ciliegeto,Royal Tioga,241,3.38,814.5799999999999,3,195
2021-05-09,2021,Ciliegeto,Early Lory,104,3.8,395.2,4,260
2021-05-10,2021,Ciliegeto,Black Star,257,2.91,747.87,3,195
2021-05-11,2021,Ciliegeto,Grace Star,157,4.52,709.64,3,195
2021-05-12,2021,Ciliegeto,Early Lory,139,5.68,789.52,3,195
2021-05-13,2021,Ciliegeto,Early Lory,152,2.46,373.92,3,195
2021-05-14,2021,Ciliegeto,Grace Star,83,3.06,253.98000000000002,4,260
2021-05-15,2021,Ciliegeto,Grace Star,242,2.11,510.61999999999995,4,260
2021-05-16,2021,Ciliegeto,Giorgia,175,2.86,500.5,3,195
2021-05-17,2021,Ciliegeto,Bigarreau,114,2.47,281.58000000000004,2,130
2021-05-18,2021,Ciliegeto,Royal Tioga,80,2.27,181.6,3,195
2021-05-19,2021,Ciliegeto,Early Lory,209,2.54,530.86,3,195
2021-05-20,2021,Ciliegeto,Bigarreau,204,3.63,740.52,4,260
2021-05-21,2021,Ciliegeto,Giorgia,195,3.99,778.0500000000001,2,130
2021-05-22,2021,Ciliegeto,Royal Tioga,224,2.66,595.84,3,195
2021-05-23,2021,Ciliegeto,Giorgia,119,4.67,555.73,3,195
2021-05-24,2021,Ciliegeto,Bigarreau,121,2.36,285.56,3,195
2021-05-25,2021,Ciliegeto,Ferrovia,182,3.35,609.7,2,130
2021-05-26,2021,Ciliegeto,Ferrovia,288,2.98,858.24,2,130
2021-05-27,2021,Ciliegeto,Ferrovia,265,3.02,800.3,2,130
2021-05-28,2021,Ciliegeto,Royal Tioga,196,5.05,989.8,4,260
2021-05-29,2021,Ciliegeto,Giorgia,209,4.36,911.2400000000001,4,260
2021-05-30,2021,Ciliegeto,Ferrovia,219,2.46,538.74,4,260
2021-05-31,2021,Ciliegeto,Grace Star,104,4.25,442.0,4,260
2021-06-01,2021,Ciliegeto,Grace Star,274,2.38,652.12,3,195
2021-06-02,2021,Ciliegeto,Grace Star,107,5.85,625.9499999999999,4,260
2021-06-03,2021,Ciliegeto,Royal Tioga,70,4.08,285.6,3,195
2021-06-04,2021,Ciliegeto,Black Star,144,4.03,580.32,3,195
2021-06-05,2021,Ciliegeto,Ferrovia,103,1.76,181.28,2,130
2021-06-06,2021,Ciliegeto,Ferrovia,299,4.73,1414.2700000000002,3,195
2021-06-07,2021,Ciliegeto,Early Lory,232,2.3,533.5999999999999,4,260
2021-06-08,2021,Ciliegeto,Early Lory,261,3.43,895.23,4,260
2021-06-09,2021,Ciliegeto,Grace Star,232,2.65,614.8,3,195
2021-06-10,2021,Ciliegeto,Early Lory,283,1.89,534.87,4,260
2021-06-11,2021,Ciliegeto,Ferrovia,183,3.56,651.48,2,130
2021-06-12,2021,Ciliegeto,Giorgia,292,4.28,1249.76,4,260
2021-06-13,2021,Ciliegeto,Ferrovia,188,4.08,767.04,4,260
2021-06-14,2021,Ciliegeto,Grace Star,77,2.62,201.74,4,260
2021-06-15,2021,Ciliegeto,Early Lory,152,4.84,735.68,4,260
2021-06-16,2021,Ciliegeto,Black Star,279,3.41,951.39,2,130
2021-06-17,2021,Ciliegeto,Black Star,184,2.18,401.12,3,195
2021-06-18,2021,Ciliegeto,Giorgia,167,2.49,415.83000000000004,2,130
2021-06-19,2021,Ciliegeto,Black Star,220,5.78,1271.6000000000001,3,195
2021-06-20,2021,Ciliegeto,Early Lory,90,3.49,314.1,4,260
2021-06-21,2021,Ciliegeto,Black Star,268,5.43,1455.24,4,260
2021-06-22,2021,Ciliegeto,Grace Star,188,3.38,635.4399999999999,3,195
2021-06-23,2021,Ciliegeto,Royal Tioga,89,2.26,201.14,2,130
2021-06-24,2021,Ciliegeto,Black Star,277,2.04,565.08,3,195
2021-06-25,2021,Ciliegeto,Bigarreau,245,4.18,1024.1,2,130
2021-06-26,2021,Ciliegeto,Grace Star,143,4.05,579.15,2,130
2021-06-27,2021,Ciliegeto,Early Lory,226,2.27,513.02,3,195
2021-06-28,2021,Ciliegeto,Early Lory,255,1.84,469.20000000000005,3,195
2021-06-29,2021,Ciliegeto,Grace Star,86,3.63,312.18,2,130
2021-06-30,2021,Ciliegeto,Ferrovia,115,1.82,209.3,4,260
2022-05-01,2022,Ciliegeto,Giorgia,149,5.13,764.37,3,195
2022-05-02,2022,Ciliegeto,Black Star,196,4.85,950.5999999999999,4,260
2022-05-03,2022,Ciliegeto,Black Star,207,5.73,1186.1100000000001,4,260
2022-05-04,2022,Ciliegeto,Early Lory,290,5.27,1528.3,3,195
2022-05-05,2022,Ciliegeto,Giorgia,273,2.56,698.88,2,130
2022-05-06,2022,Ciliegeto,Grace Star,96,3.59,344.64,3,195
2022-05-07,2022,Ciliegeto,Bigarreau,196,2.3,450.79999999999995,2,130
2022-05-08,2022,Ciliegeto,Ferrovia,274,2.52,690.48,3,195
2022-05-09,2022,Ciliegeto,Royal Tioga,277,1.78,493.06,2,130
2022-05-10,2022,Ciliegeto,Giorgia,151,3.44,519.4399999999999,2,130
2022-05-11,2022,Ciliegeto,Giorgia,128,2.86,366.08,2,130
2022-05-12,2022,Ciliegeto,Ferrovia,245,3.81,933.45,2,130
2022-05-13,2022,Ciliegeto,Giorgia,207,2.17,449.19,4,260
2022-05-14,2022,Ciliegeto,Giorgia,284,2.59,735.56,3,195
2022-05-15,2022,Ciliegeto,Bigarreau,98,5.53,541.94,3,195
2022-05-16,2022,Ciliegeto,Royal Tioga,176,4.24,746.24,3,195
2022-05-17,2022,Ciliegeto,Early Lory,300,2.45,735.0,4,260
2022-05-18,2022,Ciliegeto,Giorgia,293,4.6,1347.8,4,260
2022-05-19,2022,Ciliegeto,Ferrovia,218,3.98,867.64,2,130
2022-05-20,2022,Ciliegeto,Giorgia,254,2.41,612.14,2,130
2022-05-21,2022,Ciliegeto,Early Lory,266,3.11,827.26,3,195
2022-05-22,2022,Ciliegeto,Black Star,175,4.48,784.0000000000001,2,130
2022-05-23,2022,Ciliegeto,Royal Tioga,81,2.76,223.55999999999997,4,260
2022-05-24,2022,Ciliegeto,Bigarreau,189,5.38,1016.8199999999999,3,195
2022-05-25,2022,Ciliegeto,Black Star,137,2.8,383.59999999999997,2,130
2022-05-26,2022,Ciliegeto,Grace Star,196,2.96,580.16,3,195
2022-05-27,2022,Ciliegeto,Ferrovia,246,1.7,418.2,3,195
2022-05-28,2022,Ciliegeto,Ferrovia,102,5.53,564.0600000000001,4,260
2022-05-29,2022,Ciliegeto,Bigarreau,152,1.93,293.36,4,260
2022-05-30,2022,Ciliegeto,Bigarreau,216,3.84,829.4399999999999,3,195
2022-05-31,2022,Ciliegeto,Early Lory,261,4.21,1098.81,3,195
2022-06-01,2022,Ciliegeto,Black Star,126,4.4,554.4000000000001,4,260
2022-06-02,2022,Ciliegeto,Bigarreau,217,2.6,564.2,2,130
2022-06-03,2022,Ciliegeto,Ferrovia,167,3.8,634.6,2,130
2022-06-04,2022,Ciliegeto,Giorgia,172,2.19,376.68,2,130
2022-06-05,2022,Ciliegeto,Black Star,272,4.77,1297.4399999999998,3,195
2022-06-06,2022,Ciliegeto,Royal Tioga,126,4.51,568.26,3,195
2022-06-07,2022,Ciliegeto,Grace Star,198,5.72,1132.56,4,260
2022-06-08,2022,Ciliegeto,Ferrovia,266,2.3,611.8,3,195
2022-06-09,2022,Ciliegeto,Ferrovia,189,1.87,353.43,4,260
2022-06-10,2022,Ciliegeto,Black Star,253,5.12,1295.3600000000001,4,260
2022-06-11,2022,Ciliegeto,Grace Star,237,4.71,1116.27,3,195
2022-06-12,2022,Ciliegeto,Black Star,139,5.22,725.5799999999999,3,195
2022-06-13,2022,Ciliegeto,Grace Star,149,4.7,700.3000000000001,2,130
2022-06-14,2022,Ciliegeto,Grace Star,297,3.05,905.8499999999999,4,260
2022-06-15,2022,Ciliegeto,Black Star,275,2.79,767.25,4,260
2022-06-16,2022,Ciliegeto,Giorgia,282,3.61,1018.02,2,130
2022-06-17,2022,Ciliegeto,Bigarreau,177,5.66,1001.82,3,195
2022-06-18,2022,Ciliegeto,Giorgia,218,4.28,933.0400000000001,2,130
2022-06-19,2022,Ciliegeto,Bigarreau,246,5.18,1274.28,4,260
2022-06-20,2022,Ciliegeto,Grace Star,252,5.52,1391.04,3,195
2022-06-21,2022,Ciliegeto,Bigarreau,150,3.64,546.0,3,195
2022-06-22,2022,Ciliegeto,Bigarreau,159,1.99,316.41,2,130
2022-06-23,2022,Ciliegeto,Black Star,186,3.69,686.34,2,130
2022-06-24,2022,Ciliegeto,Giorgia,110,2.68,294.8,2,130
2022-06-25,2022,Ciliegeto,Royal Tioga,283,3.44,973.52,3,195
2022-06-26,2022,Ciliegeto,Ferrovia,163,5.35,872.05,4,260
2022-06-27,2022,Ciliegeto,Ferrovia,242,3.5,847.0,2,130
2022-06-28,2022,Ciliegeto,Royal Tioga,203,2.5,507.5,3,195
2022-06-29,2022,Ciliegeto,Royal Tioga,285,1.7,484.5,4,260
2022-06-30,2022,Ciliegeto,Royal Tioga,177,4.16,736.32,4,260
2023-05-01,2023,Ciliegeto,Bigarreau,183,3.5,640.5,4,260
2023-05-02,2023,Ciliegeto,Ferrovia,70,5.46,382.2,4,260
2023-05-03,2023,Ciliegeto,Black Star,281,3.96,1112.76,4,260
2023-05-04,2023,Ciliegeto,Royal Tioga,256,2.97,760.32,3,195
2023-05-05,2023,Ciliegeto,Bigarreau,159,1.82,289.38,4,260
2023-05-06,2023,Ciliegeto,Ferrovia,104,4.14,430.55999999999995,3,195
2023-05-07,2023,Ciliegeto,Giorgia,115,3.32,381.79999999999995,2,130
2023-05-08,2023,Ciliegeto,Bigarreau,253,2.39,604.6700000000001,4,260
2023-05-09,2023,Ciliegeto,Early Lory,131,3.79,496.49,2,130
2023-05-10,2023,Ciliegeto,Grace Star,167,4.12,688.04,4,260
2023-05-11,2023,Ciliegeto,Bigarreau,85,3.27,277.95,3,195
2023-05-12,2023,Ciliegeto,Royal Tioga,75,5.89,441.75,3,195
2023-05-13,2023,Ciliegeto,Giorgia,191,3.54,676.14,4,260
2023-05-14,2023,Ciliegeto,Early Lory,118,4.49,529.82,2,130
2023-05-15,2023,Ciliegeto,Royal Tioga,184,4.4,809.6,3,195
2023-05-16,2023,Ciliegeto,Giorgia,156,5.5,858.0,3,195
2023-05-17,2023,Ciliegeto,Ferrovia,255,3.05,777.75,3,195
2023-05-18,2023,Ciliegeto,Ferrovia,184,1.94,356.96,3,195
2023-05-19,2023,Ciliegeto,Royal Tioga,149,2.43,362.07000000000005,3,195
2023-05-20,2023,Ciliegeto,Grace Star,271,3.97,1075.8700000000001,3,195
2023-05-21,2023,Ciliegeto,Early Lory,284,1.81,514.04,2,130
2023-05-22,2023,Ciliegeto,Royal Tioga,220,3.08,677.6,2,130
2023-05-23,2023,Ciliegeto,Grace Star,298,3.78,1126.44,3,195
2023-05-24,2023,Ciliegeto,Early Lory,115,4.86,558.9000000000001,4,260
2023-05-25,2023,Ciliegeto,Bigarreau,207,3.95,817.6500000000001,4,260
2023-05-26,2023,Ciliegeto,Bigarreau,192,2.81,539.52,4,260
2023-05-27,2023,Ciliegeto,Giorgia,150,5.59,838.5,3,195
2023-05-28,2023,Ciliegeto,Royal Tioga,229,3.89,890.8100000000001,3,195
2023-05-29,2023,Ciliegeto,Ferrovia,72,1.88,135.35999999999999,2,130
2023-05-30,2023,Ciliegeto,Grace Star,84,5.3,445.2,3,195
2023-05-31,2023,Ciliegeto,Black Star,276,2.1,579.6,3,195
2023-06-01,2023,Ciliegeto,Giorgia,206,3.65,751.9,2,130
2023-06-02,2023,Ciliegeto,Giorgia,83,4.44,368.52000000000004,2,130
2023-06-03,2023,Ciliegeto,Black Star,75,2.74,205.50000000000003,3,195
2023-06-04,2023,Ciliegeto,Grace Star,147,3.71,545.37,4,260
2023-06-05,2023,Ciliegeto,Early Lory,76,3.84,291.84,4,260
2023-06-06,2023,Ciliegeto,Grace Star,280,1.97,551.6,2,130
2023-06-07,2023,Ciliegeto,Giorgia,156,1.79,279.24,4,260
2023-06-08,2023,Ciliegeto,Black Star,94,2.54,238.76,4,260
2023-06-09,2023,Ciliegeto,Ferrovia,134,4.93,660.62,2,130
2023-06-10,2023,Ciliegeto,Bigarreau,293,1.72,503.96,4,260
2023-06-11,2023,Ciliegeto,Ferrovia,289,2.57,742.7299999999999,3,195
2023-06-12,2023,Ciliegeto,Black Star,285,5.03,1433.5500000000002,4,260
2023-06-13,2023,Ciliegeto,Giorgia,105,4.77,500.84999999999997,2,130
2023-06-14,2023,Ciliegeto,Grace Star,226,5.77,1304.02,2,130
2023-06-15,2023,Ciliegeto,Royal Tioga,199,3.3,656.6999999999999,4,260
2023-06-16,2023,Ciliegeto,Giorgia,181,2.97,537.57,2,130
2023-06-17,2023,Ciliegeto,Early Lory,154,2.03,312.61999999999995,2,130
2023-06-18,2023,Ciliegeto,Early Lory,167,4.06,678.02,4,260
2023-06-19,2023,Ciliegeto,Giorgia,228,5.41,1233.48,3,195
2023-06-20,2023,Ciliegeto,Early Lory,273,2.87,783.51,3,195
2023-06-21,2023,Ciliegeto,Black Star,109,3.72,405.48,4,260
2023-06-22,2023,Ciliegeto,Royal Tioga,271,5.54,1501.34,4,260
2023-06-23,2023,Ciliegeto,Grace Star,210,2.98,625.8,3,195
2023-06-24,2023,Ciliegeto,Early Lory,99,2.66,263.34000000000003,4,260
2023-06-25,2023,Ciliegeto,Bigarreau,178,4.11,731.58,2,130
2023-06-26,2023,Ciliegeto,Black Star,253,2.74,693.22,2,130
2023-06-27,2023,Ciliegeto,Bigarreau,120,3.93,471.6,3,195
2023-06-28,2023,Ciliegeto,Early Lory,282,5.55,1565.1,2,130
2023-06-29,2023,Ciliegeto,Grace Star,244,5.22,1273.6799999999998,4,260
2023-06-30,2023,Ciliegeto,Early Lory,102,2.23,227.46,2,130
2024-05-01,2024,Ciliegeto,Grace Star,154,2.58,397.32,3,195
2024-05-02,2024,Ciliegeto,Giorgia,237,2.33,552.21,4,260
2024-05-03,2024,Ciliegeto,Early Lory,166,2.92,484.71999999999997,2,130
2024-05-04,2024,Ciliegeto,Royal Tioga,141,5.61,791.01,3,195
2024-05-05,2024,Ciliegeto,Early Lory,99,3.38,334.62,4,260
2024-05-06,2024,Ciliegeto,Ferrovia,203,4.48,909.44,3,195
2024-05-07,2024,Ciliegeto,Black Star,260,4.2,1092.0,3,195
2024-05-08,2024,Ciliegeto,Grace Star,176,1.97,346.71999999999997,3,195
2024-05-09,2024,Ciliegeto,Royal Tioga,78,5.86,457.08000000000004,3,195
2024-05-10,2024,Ciliegeto,Black Star,128,4.88,624.64,4,260
2024-05-11,2024,Ciliegeto,Royal Tioga,175,3.22,563.5,4,260
2024-05-12,2024,Ciliegeto,Black Star,178,2.55,453.9,4,260
2024-05-13,2024,Ciliegeto,Giorgia,141,1.87,263.67,4,260
2024-05-14,2024,Ciliegeto,Giorgia,157,2.86,449.02,3,195
2024-05-15,2024,Ciliegeto,Royal Tioga,173,5.72,989.56,4,260
2024-05-16,2024,Ciliegeto,Black Star,197,5.06,996.8199999999999,3,195
2024-05-17,2024,Ciliegeto,Royal Tioga,220,3.27,719.4,2,130
2024-05-18,2024,Ciliegeto,Giorgia,209,5.12,1070.08,2,130
2024-05-19,2024,Ciliegeto,Bigarreau,163,4.71,767.73,4,260
2024-05-20,2024,Ciliegeto,Early Lory,251,3.28,823.28,4,260
2024-05-21,2024,Ciliegeto,Giorgia,148,2.56,378.88,3,195
2024-05-22,2024,Ciliegeto,Black Star,203,5.27,1069.81,4,260
2024-05-23,2024,Ciliegeto,Grace Star,146,5.28,770.88,2,130
2024-05-24,2024,Ciliegeto,Ferrovia,196,2.17,425.32,3,195
2024-05-25,2024,Ciliegeto,Ferrovia,149,3.12,464.88,4,260
2024-05-26,2024,Ciliegeto,Ferrovia,208,4.01,834.0799999999999,3,195
2024-05-27,2024,Ciliegeto,Giorgia,230,4.47,1028.1,2,130
2024-05-28,2024,Ciliegeto,Grace Star,167,3.71,619.57,4,260
2024-05-29,2024,Ciliegeto,Black Star,216,3.82,825.12,3,195
2024-05-30,2024,Ciliegeto,Early Lory,167,1.83,305.61,2,130
2024-05-31,2024,Ciliegeto,Giorgia,161,3.52,566.72,2,130
2024-06-01,2024,Ciliegeto,Black Star,211,5.3,1118.3,2,130
2024-06-02,2024,Ciliegeto,Ferrovia,193,2.98,575.14,3,195
2024-06-03,2024,Ciliegeto,Early Lory,277,5.57,1542.89,4,260
2024-06-04,2024,Ciliegeto,Black Star,102,1.84,187.68,2,130
2024-06-05,2024,Ciliegeto,Early Lory,182,2.39,434.98,2,130
2024-06-06,2024,Ciliegeto,Bigarreau,259,2.27,587.93,2,130
2024-06-07,2024,Ciliegeto,Giorgia,122,4.68,570.9599999999999,2,130
2024-06-08,2024,Ciliegeto,Grace Star,79,3.42,270.18,2,130
2024-06-09,2024,Ciliegeto,Giorgia,219,3.48,762.12,3,195
2024-06-10,2024,Ciliegeto,Ferrovia,122,4.29,523.38,2,130
2024-06-11,2024,Ciliegeto,Royal Tioga,185,3.3,610.5,2,130
2024-06-12,2024,Ciliegeto,Royal Tioga,276,3.35,924.6,3,195
2024-06-13,2024,Ciliegeto,Ferrovia,126,3.25,409.5,2,130
2024-06-14,2024,Ciliegeto,Early Lory,231,5.63,1300.53,2,130
2024-06-15,2024,Ciliegeto,Royal Tioga,95,3.2,304.0,4,260
2024-06-16,2024,Ciliegeto,Early Lory,277,3.01,833.77,3,195
2024-06-17,2024,Ciliegeto,Grace Star,228,4.15,946.2,4,260
2024-06-18,2024,Ciliegeto,Bigarreau,166,1.87,310.42,4,260
2024-06-19,2024,Ciliegeto,Ferrovia,98,3.78,370.44,3,195
2024-06-20,2024,Ciliegeto,Grace Star,150,5.72,858.0,4,260
2024-06-21,2024,Ciliegeto,Ferrovia,160,2.05,328.0,4,260
2024-06-22,2024,Ciliegeto,Ferrovia,129,3.3,425.7,2,130
2024-06-23,2024,Ciliegeto,Black Star,240,3.5,840.0,3,195
2024-06-24,2024,Ciliegeto,Grace Star,267,2.08,555.36,2,130
2024-06-25,2024,Ciliegeto,Ferrovia,97,2.78,269.65999999999997,4,260
2024-06-26,2024,Ciliegeto,Early Lory,297,2.09,620.7299999999999,2,130
2024-06-27,2024,Ciliegeto,Grace Star,103,3.19,328.57,4,260
2024-06-28,2024,Ciliegeto,Royal Tioga,258,2.21,570.18,3,195
2024-06-29,2024,Ciliegeto,Grace Star,194,4.2,814.8000000000001,2,130
2024-06-30,2024,Ciliegeto,Royal Tioga,135,4.66,629.1,3,195
2025-05-01,2025,Ciliegeto,Grace Star,219,4.13,904.47,2,130
2025-05-02,2025,Ciliegeto,Grace Star,252,4.05,1020.5999999999999,4,260
2025-05-03,2025,Ciliegeto,Black Star,152,4.98,756.96,4,260
2025-05-04,2025,Ciliegeto,Grace Star,76,4.74,360.24,2,130
2025-05-05,2025,Ciliegeto,Bigarreau,252,5.54,1396.08,2,130
2025-05-06,2025,Ciliegeto,Royal Tioga,287,3.99,1145.13,3,195
2025-05-07,2025,Ciliegeto,Bigarreau,220,2.05,450.99999999999994,4,260
2025-05-08,2025,Ciliegeto,Royal Tioga,161,4.78,769.58,4,260
2025-05-09,2025,Ciliegeto,Black Star,99,4.55,450.45,2,130
2025-05-10,2025,Ciliegeto,Grace Star,280,5.12,1433.6000000000001,4,260
2025-05-11,2025,Ciliegeto,Black Star,154,5.71,879.34,4,260
2025-05-12,2025,Ciliegeto,Early Lory,248,3.55,880.4,3,195
2025-05-13,2025,Ciliegeto,Ferrovia,176,2.15,378.4,3,195
2025-05-14,2025,Ciliegeto,Grace Star,93,3.5,325.5,2,130
2025-05-15,2025,Ciliegeto,Black Star,226,5.3,1197.8,3,195
2025-05-16,2025,Ciliegeto,Bigarreau,114,2.04,232.56,4,260
2025-05-17,2025,Ciliegeto,Giorgia,101,2.41,243.41000000000003,2,130
2025-05-18,2025,Ciliegeto,Giorgia,118,1.77,208.86,3,195
2025-05-19,2025,Ciliegeto,Royal Tioga,86,4.34,373.24,3,195
2025-05-20,2025,Ciliegeto,Ferrovia,223,4.81,1072.6299999999999,4,260
2025-05-21,2025,Ciliegeto,Ferrovia,201,3.0,603.0,4,260
2025-05-22,2025,Ciliegeto,Royal Tioga,274,4.42,1211.08,3,195
2025-05-23,2025,Ciliegeto,Royal Tioga,143,3.9,557.6999999999999,3,195
2025-05-24,2025,Ciliegeto,Black Star,147,3.65,536.55,3,195
2025-05-25,2025,Ciliegeto,Giorgia,204,4.83,985.32,3,195
2025-05-26,2025,Ciliegeto,Grace Star,201,4.24,852.24,4,260
2025-05-27,2025,Ciliegeto,Giorgia,141,4.72,665.52,2,130
2025-05-28,2025,Ciliegeto,Grace Star,120,5.31,637.1999999999999,3,195
2025-05-29,2025,Ciliegeto,Royal Tioga,280,1.96,548.8,3,195
2025-05-30,2025,Ciliegeto,Black Star,147,4.3,632.1,3,195
2025-05-31,2025,Ciliegeto,Early Lory,280,4.11,1150.8000000000002,3,195
2025-06-01,2025,Ciliegeto,Ferrovia,156,1.75,273.0,2,130
2025-06-02,2025,Ciliegeto,Black Star,153,3.95,604.35,2,130
2025-06-03,2025,Ciliegeto,Royal Tioga,265,2.0,530.0,2,130
2025-06-04,2025,Ciliegeto,Ferrovia,170,3.99,678.3000000000001,4,260
2025-06-05,2025,Ciliegeto,Royal Tioga,241,3.06,737.46,4,260
2025-06-06,2025,Ciliegeto,Black Star,92,3.4,312.8,4,260
2025-06-07,2025,Ciliegeto,Ferrovia,199,3.08,612.92,3,195
2025-06-08,2025,Ciliegeto,Giorgia,266,2.15,571.9,4,260
2025-06-09,2025,Ciliegeto,Giorgia,235,3.02,709.7,2,130
2025-06-10,2025,Ciliegeto,Bigarreau,104,4.13,429.52,2,130
2025-06-11,2025,Ciliegeto,Early Lory,79,1.74,137.46,4,260
2025-06-12,2025,Ciliegeto,Royal Tioga,209,1.83,382.47,3,195
2025-06-13,2025,Ciliegeto,Grace Star,245,4.18,1024.1,3,195
2025-06-14,2025,Ciliegeto,Royal Tioga,104,4.92,511.68,4,260
2025-06-15,2025,Ciliegeto,Giorgia,183,4.28,783.24,4,260
2025-06-16,2025,Ciliegeto,Giorgia,280,2.68,750.4000000000001,4,260
2025-06-17,2025,Ciliegeto,Royal Tioga,198,4.43,877.14,3,195
2025-06-18,2025,Ciliegeto,Early Lory,168,1.87,314.16,2,130
2025-06-19,2025,Ciliegeto,Royal Tioga,271,4.76,1289.96,4,260
2025-06-20,2025,Ciliegeto,Giorgia,253,3.21,812.13,4,260
2025-06-21,2025,Ciliegeto,Grace Star,176,4.84,851.8399999999999,2,130
2025-06-22,2025,Ciliegeto,Grace Star,191,2.91,555.8100000000001,2,130
2025-06-23,2025,Ciliegeto,Bigarreau,226,2.28,515.28,2,130
2025-06-24,2025,Ciliegeto,Black Star,222,3.56,790.32,3,195
2025-06-25,2025,Ciliegeto,Black Star,246,4.07,1001.22,2,130
2025-06-26,2025,Ciliegeto,Black Star,183,2.99,547.1700000000001,2,130
2025-06-27,2025,Ciliegeto,Ferrovia,181,3.71,671.51,3,195
2025-06-28,2025,Ciliegeto,Ferrovia,270,4.35,1174.5,2,130
2025-06-29,2025,Ciliegeto,Giorgia,189,5.4,1020.6,4,260
2025-06-30,2025,Ciliegeto,Giorgia,141,4.56,642.9599999999999,3,195
