Data,Mese,Anno,Temperatura_MAX,Temperatura_MIN,Umidit√†,Vento,Precipitazioni_mm,giorno_piovoso,giorno_piovoso_5gg,Grandine
2021-01-01,1,2021,18.1,3.4,60.6,8.7,2.2,True,1.0,0
2021-01-02,1,2021,12.5,5.6,65.3,5.0,0.0,False,1.0,0
2021-01-03,1,2021,12.7,4.2,75.8,18.5,0.0,False,1.0,0
2021-01-04,1,2021,11.3,5.1,82.9,40.3,0.0,False,1.0,0
2021-01-05,1,2021,16.2,5.1,43.0,5.2,29.8,True,2.0,0
2021-01-06,1,2021,8.2,5.6,63.1,22.0,27.0,True,3.0,0
2021-01-07,1,2021,18.4,2.4,61.8,18.0,0.0,False,2.0,0
2021-01-08,1,2021,12.1,4.2,61.6,35.8,0.0,False,2.0,0
2021-01-09,1,2021,14.8,6.4,68.7,5.1,0.0,False,2.0,0
2021-01-10,1,2021,13.4,5.7,87.9,23.8,26.8,True,3.0,0
2021-01-11,1,2021,17.7,7.7,56.8,23.6,0.0,False,2.0,0
2021-01-12,1,2021,8.8,3.1,88.4,34.7,8.5,True,2.0,0
2021-01-13,1,2021,13.2,7.3,52.5,19.4,0.0,False,2.0,0
2021-01-14,1,2021,13.0,8.7,68.0,25.0,0.0,False,2.0,0
2021-01-15,1,2021,16.8,4.6,76.4,15.5,0.0,False,2.0,0
2021-01-16,1,2021,11.3,5.7,84.9,31.3,0.0,False,1.0,0
2021-01-17,1,2021,13.6,5.6,79.9,24.8,0.0,False,1.0,0
2021-01-18,1,2021,11.8,6.3,89.3,7.5,0.0,False,0.0,0
2021-01-19,1,2021,14.1,6.0,68.1,8.3,0.0,False,0.0,0
2021-01-20,1,2021,15.5,8.7,86.2,8.8,0.0,False,0.0,0
2021-01-21,1,2021,11.2,6.3,73.4,7.8,0.0,False,0.0,0
2021-01-22,1,2021,16.9,7.2,48.6,10.6,0.0,False,0.0,0
2021-01-23,1,2021,16.3,5.8,41.6,15.9,0.0,False,0.0,0
2021-01-24,1,2021,15.3,2.4,78.8,24.2,4.6,True,1.0,0
2021-01-25,1,2021,16.3,6.1,74.6,13.4,0.0,False,1.0,0
2021-01-26,1,2021,12.3,4.4,54.7,18.8,0.0,False,1.0,0
2021-01-27,1,2021,13.7,3.4,45.4,31.0,0.0,False,1.0,0
2021-01-28,1,2021,11.7,2.8,75.2,34.7,0.0,False,1.0,0
2021-01-29,1,2021,13.3,4.8,78.2,25.6,0.0,False,1.0,0
2021-01-30,1,2021,15.3,3.5,68.5,31.7,20.4,True,1.0,0
2021-01-31,1,2021,12.3,10.1,73.9,12.6,30.4,True,2.0,0
2021-02-01,2,2021,14.0,10.0,60.6,29.4,0.0,False,2.0,0
2021-02-02,2,2021,13.3,5.3,84.2,37.0,0.0,False,2.0,0
2021-02-03,2,2021,12.9,7.8,67.2,5.7,3.7,True,3.0,0
2021-02-04,2,2021,13.3,8.9,85.6,16.5,0.0,False,3.0,0
2021-02-05,2,2021,15.0,5.6,77.7,10.8,0.0,False,2.0,0
2021-02-06,2,2021,12.2,10.6,66.7,18.0,0.0,False,1.0,0
2021-02-07,2,2021,15.6,8.3,76.7,22.2,24.6,True,2.0,0
2021-02-08,2,2021,19.1,5.7,85.2,10.0,0.0,False,2.0,0
2021-02-09,2,2021,16.9,1.5,49.9,34.1,0.0,False,1.0,0
2021-02-10,2,2021,14.5,3.6,61.9,11.2,1.7,True,2.0,0
2021-02-11,2,2021,12.8,6.8,83.8,25.9,1.8,True,3.0,0
2021-02-12,2,2021,13.1,4.9,41.6,32.7,12.9,True,4.0,0
2021-02-13,2,2021,19.2,5.9,46.8,38.3,1.6,True,4.0,0
2021-02-14,2,2021,15.1,4.0,60.7,40.5,6.1,True,5.0,0
2021-02-15,2,2021,13.4,6.6,45.7,24.6,0.0,False,5.0,0
2021-02-16,2,2021,15.5,4.9,77.0,22.6,0.0,False,4.0,0
2021-02-17,2,2021,20.3,2.1,89.7,21.4,0.0,False,3.0,0
2021-02-18,2,2021,15.3,5.1,64.9,17.7,0.0,False,2.0,0
2021-02-19,2,2021,16.5,4.6,89.0,14.0,0.0,False,1.0,0
2021-02-20,2,2021,15.8,2.1,46.9,5.0,0.0,False,0.0,0
2021-02-21,2,2021,14.1,9.6,75.7,27.5,2.8,True,1.0,0
2021-02-22,2,2021,12.1,5.8,69.7,15.0,0.0,False,1.0,0
2021-02-23,2,2021,14.1,5.2,80.4,11.8,0.0,False,1.0,0
2021-02-24,2,2021,14.5,7.9,67.4,28.8,18.0,True,2.0,0
2021-02-25,2,2021,16.5,5.8,90.0,23.8,21.5,True,3.0,0
2021-02-26,2,2021,17.1,7.9,62.4,36.5,0.0,False,3.0,0
2021-02-27,2,2021,17.3,2.3,88.5,8.0,0.8,True,3.0,0
2021-02-28,2,2021,15.7,3.4,86.8,14.7,0.0,False,3.0,0
2021-03-01,3,2021,19.2,8.4,61.6,20.8,0.0,False,3.0,0
2021-03-02,3,2021,15.1,10.7,60.9,13.9,0.0,False,2.0,0
2021-03-03,3,2021,20.1,7.1,41.0,13.7,0.0,False,1.0,0
2021-03-04,3,2021,18.3,7.5,62.9,17.7,0.0,False,1.0,0
2021-03-05,3,2021,16.3,4.9,50.2,6.7,7.3,True,1.0,0
2021-03-06,3,2021,18.2,6.9,57.1,5.7,0.0,False,1.0,0
2021-03-07,3,2021,16.8,5.2,54.4,32.1,0.0,False,1.0,0
2021-03-08,3,2021,19.8,6.6,74.2,4.2,0.0,False,1.0,0
2021-03-09,3,2021,20.8,8.8,62.4,25.5,0.0,False,1.0,0
2021-03-10,3,2021,22.5,2.0,70.6,16.5,0.0,False,1.0,0
2021-03-11,3,2021,13.5,7.5,83.0,42.2,0.0,False,0.0,0
2021-03-12,3,2021,13.4,5.0,82.5,30.4,6.1,True,1.0,0
2021-03-13,3,2021,15.7,5.4,69.9,15.2,0.0,False,1.0,0
2021-03-14,3,2021,17.4,9.8,62.5,15.0,0.0,False,1.0,0
2021-03-15,3,2021,19.2,7.7,60.4,8.0,0.0,False,1.0,0
2021-03-16,3,2021,17.8,9.3,43.6,14.2,0.0,False,1.0,0
2021-03-17,3,2021,11.9,2.6,63.8,9.9,0.0,False,1.0,0
2021-03-18,3,2021,16.2,6.0,60.6,12.8,0.0,False,0.0,0
2021-03-19,3,2021,19.1,5.9,50.3,20.3,0.0,False,0.0,0
2021-03-20,3,2021,17.6,5.5,80.9,33.3,9.1,True,1.0,1
2021-03-21,3,2021,18.9,8.1,75.6,7.3,0.0,False,1.0,0
2021-03-22,3,2021,16.4,9.2,89.7,31.5,0.0,False,1.0,0
2021-03-23,3,2021,16.5,4.2,59.7,37.3,0.0,False,1.0,0
2021-03-24,3,2021,17.5,4.6,61.3,10.4,0.0,False,1.0,0
2021-03-25,3,2021,18.0,3.9,66.5,9.8,0.0,False,1.0,0
2021-03-26,3,2021,17.5,9.9,58.0,28.4,28.3,True,1.0,0
2021-03-27,3,2021,17.3,5.7,67.8,5.0,0.0,False,1.0,0
2021-03-28,3,2021,15.3,6.7,85.4,17.9,0.0,False,1.0,0
2021-03-29,3,2021,17.9,6.2,77.3,5.1,0.9,True,2.0,0
2021-03-30,3,2021,17.3,4.6,50.5,30.3,0.0,False,2.0,0
2021-03-31,3,2021,19.8,7.9,80.8,5.1,0.0,False,2.0,0
2021-04-01,4,2021,23.0,11.0,80.6,8.8,0.0,False,1.0,0
2021-04-02,4,2021,20.5,12.4,80.8,11.0,0.0,False,1.0,0
2021-04-03,4,2021,19.1,9.4,56.2,47.6,0.0,False,1.0,0
2021-04-04,4,2021,18.4,9.3,71.3,15.8,0.0,False,0.0,0
2021-04-05,4,2021,21.1,8.5,73.3,6.7,0.0,False,0.0,0
2021-04-06,4,2021,20.2,13.7,46.1,11.1,0.0,False,0.0,0
2021-04-07,4,2021,19.1,12.5,86.9,15.5,0.0,False,0.0,0
2021-04-08,4,2021,20.1,9.9,58.8,15.8,0.0,False,0.0,0
2021-04-09,4,2021,18.4,11.6,75.1,7.9,0.0,False,0.0,0
2021-04-10,4,2021,21.7,8.5,87.3,4.3,0.0,False,0.0,0
2021-04-11,4,2021,18.9,15.1,74.4,30.7,2.4,True,1.0,0
2021-04-12,4,2021,23.1,8.5,87.9,10.9,0.0,False,1.0,0
2021-04-13,4,2021,21.0,9.1,75.7,7.0,0.0,False,1.0,0
2021-04-14,4,2021,21.5,9.1,48.7,14.9,0.0,False,1.0,0
2021-04-15,4,2021,17.3,14.3,77.2,16.1,0.0,False,1.0,0
2021-04-16,4,2021,20.4,10.4,60.7,19.0,0.0,False,1.0,0
2021-04-17,4,2021,21.9,12.7,56.2,28.0,0.0,False,0.0,0
2021-04-18,4,2021,17.6,9.7,79.8,29.3,0.0,False,0.0,0
2021-04-19,4,2021,19.3,7.0,80.3,17.3,0.0,False,0.0,0
2021-04-20,4,2021,20.1,11.9,88.4,34.7,0.0,False,0.0,0
2021-04-21,4,2021,16.6,8.4,50.4,6.9,0.0,False,0.0,0
2021-04-22,4,2021,20.8,6.7,67.2,13.9,0.0,False,0.0,0
2021-04-23,4,2021,22.1,9.0,79.4,14.0,28.9,True,1.0,0
2021-04-24,4,2021,17.9,11.6,66.3,25.8,0.0,False,1.0,0
2021-04-25,4,2021,20.9,14.4,51.7,32.3,0.0,False,1.0,0
2021-04-26,4,2021,16.7,6.5,90.8,26.3,0.0,False,1.0,0
2021-04-27,4,2021,19.9,4.5,85.4,7.6,0.0,False,1.0,0
2021-04-28,4,2021,16.0,12.3,69.4,21.5,0.0,False,1.0,0
2021-04-29,4,2021,22.8,10.8,67.4,18.5,6.1,True,1.0,0
2021-04-30,4,2021,21.0,8.6,82.8,21.8,0.0,False,1.0,0
2021-05-01,5,2021,24.9,15.0,86.6,4.5,0.0,False,1.0,0
2021-05-02,5,2021,23.1,15.8,81.8,12.1,0.0,False,1.0,0
2021-05-03,5,2021,28.2,18.8,62.1,6.1,0.0,False,1.0,0
2021-05-04,5,2021,29.9,13.7,83.6,14.8,0.0,False,1.0,0
2021-05-05,5,2021,20.4,17.2,51.5,27.9,0.0,False,0.0,0
2021-05-06,5,2021,28.1,12.9,67.6,11.7,0.0,False,0.0,0
2021-05-07,5,2021,29.1,12.7,56.1,22.1,0.0,False,0.0,0
2021-05-08,5,2021,25.8,15.1,46.1,22.6,0.0,False,0.0,0
2021-05-09,5,2021,22.0,11.2,47.4,11.1,0.0,False,0.0,0
2021-05-10,5,2021,27.2,10.7,87.8,17.4,0.0,False,0.0,0
2021-05-11,5,2021,24.5,16.4,49.9,8.4,0.0,False,0.0,0
2021-05-12,5,2021,23.5,9.1,73.1,6.6,0.0,False,0.0,0
2021-05-13,5,2021,21.9,14.3,52.2,29.5,0.0,False,0.0,0
2021-05-14,5,2021,26.4,13.2,66.8,9.3,0.0,False,0.0,0
2021-05-15,5,2021,27.0,13.1,46.7,8.0,0.0,False,0.0,0
2021-05-16,5,2021,23.4,10.7,54.8,41.8,0.0,False,0.0,0
2021-05-17,5,2021,26.3,8.9,60.4,6.2,0.0,False,0.0,0
2021-05-18,5,2021,22.1,12.3,76.0,24.6,0.0,False,0.0,0
2021-05-19,5,2021,27.0,11.1,86.0,14.5,0.0,False,0.0,0
2021-05-20,5,2021,25.1,12.9,61.9,9.1,0.0,False,0.0,0
2021-05-21,5,2021,24.5,14.2,76.4,11.7,0.0,False,0.0,0
2021-05-22,5,2021,24.7,12.1,47.1,26.7,0.0,False,0.0,0
2021-05-23,5,2021,27.2,11.3,45.1,32.9,0.0,False,0.0,0
2021-05-24,5,2021,26.9,14.7,62.9,11.6,0.0,False,0.0,0
2021-05-25,5,2021,26.3,12.1,78.8,13.7,0.0,False,0.0,0
2021-05-26,5,2021,25.3,11.6,51.8,15.5,21.4,True,1.0,0
2021-05-27,5,2021,25.2,13.3,81.3,31.3,0.0,False,1.0,0
2021-05-28,5,2021,26.5,14.7,52.9,27.5,0.0,False,1.0,0
2021-05-29,5,2021,25.6,19.3,44.3,10.0,0.0,False,1.0,0
2021-05-30,5,2021,26.7,18.0,66.2,19.6,0.0,False,1.0,0
2021-05-31,5,2021,24.2,10.8,40.0,28.3,0.0,False,1.0,0
2021-06-01,6,2021,22.9,14.7,76.1,17.5,0.0,False,0.0,0
2021-06-02,6,2021,31.6,18.2,77.7,20.0,0.0,False,0.0,0
2021-06-03,6,2021,34.5,19.4,89.6,10.1,0.0,False,0.0,0
2021-06-04,6,2021,30.1,17.7,73.8,23.8,0.0,False,0.0,0
2021-06-05,6,2021,28.7,23.4,65.2,6.7,0.0,False,0.0,0
2021-06-06,6,2021,28.7,20.9,43.8,14.1,15.6,True,1.0,0
2021-06-07,6,2021,28.7,22.1,67.2,15.2,0.0,False,1.0,0
2021-06-08,6,2021,29.0,17.0,47.2,21.9,0.0,False,1.0,0
2021-06-09,6,2021,26.2,15.8,80.9,39.8,0.0,False,1.0,0
2021-06-10,6,2021,27.7,15.3,69.4,10.3,0.0,False,1.0,0
2021-06-11,6,2021,26.5,17.7,50.9,19.6,0.0,False,1.0,0
2021-06-12,6,2021,29.6,14.9,76.1,30.0,0.0,False,0.0,0
2021-06-13,6,2021,28.3,16.4,57.0,21.7,0.0,False,0.0,0
2021-06-14,6,2021,30.2,16.9,74.1,27.0,0.0,False,0.0,0
2021-06-15,6,2021,28.6,20.4,79.8,7.7,0.0,False,0.0,0
2021-06-16,6,2021,31.5,16.8,44.4,31.8,0.0,False,0.0,0
2021-06-17,6,2021,29.5,14.5,66.0,12.7,0.0,False,0.0,0
2021-06-18,6,2021,34.5,16.9,45.3,16.3,0.0,False,0.0,0
2021-06-19,6,2021,24.3,18.5,73.1,7.0,0.0,False,0.0,0
2021-06-20,6,2021,27.4,19.4,56.1,24.9,0.0,False,0.0,0
2021-06-21,6,2021,31.3,15.7,72.8,32.4,0.0,False,0.0,0
2021-06-22,6,2021,35.3,19.6,42.5,17.7,0.0,False,0.0,0
2021-06-23,6,2021,28.4,21.5,84.2,7.4,0.0,False,0.0,0
2021-06-24,6,2021,29.1,19.2,64.4,7.4,0.0,False,0.0,0
2021-06-25,6,2021,28.4,18.6,80.5,7.7,0.0,False,0.0,0
2021-06-26,6,2021,32.3,16.9,51.6,18.1,0.0,False,0.0,0
2021-06-27,6,2021,28.3,16.5,57.1,22.4,0.0,False,0.0,0
2021-06-28,6,2021,30.7,12.9,79.0,5.5,0.0,False,0.0,0
2021-06-29,6,2021,28.2,19.5,83.5,6.4,0.0,False,0.0,0
2021-06-30,6,2021,25.8,17.1,62.3,44.8,0.0,False,0.0,0
2021-07-01,7,2021,33.8,20.4,87.4,12.1,0.0,False,0.0,0
2021-07-02,7,2021,34.3,21.3,69.6,17.5,0.0,False,0.0,0
2021-07-03,7,2021,36.2,18.0,42.5,22.7,0.0,False,0.0,0
2021-07-04,7,2021,32.7,22.5,63.1,26.0,0.0,False,0.0,0
2021-07-05,7,2021,31.5,20.3,48.2,7.6,0.0,False,0.0,0
2021-07-06,7,2021,34.4,23.7,77.4,7.6,0.0,False,0.0,0
2021-07-07,7,2021,33.6,20.4,57.7,36.7,0.0,False,0.0,0
2021-07-08,7,2021,33.7,20.8,50.3,13.0,0.0,False,0.0,0
2021-07-09,7,2021,32.8,19.3,83.0,26.4,0.0,False,0.0,0
2021-07-10,7,2021,35.9,23.7,81.7,25.8,0.0,False,0.0,0
2021-07-11,7,2021,33.9,14.7,57.5,17.2,0.0,False,0.0,0
2021-07-12,7,2021,37.8,18.7,60.6,7.1,0.0,False,0.0,0
2021-07-13,7,2021,35.8,19.2,43.1,35.1,0.0,False,0.0,0
2021-07-14,7,2021,34.6,16.2,49.1,31.7,0.0,False,0.0,0
2021-07-15,7,2021,28.9,18.0,77.5,16.1,0.0,False,0.0,0
2021-07-16,7,2021,34.5,14.6,68.9,16.8,0.0,False,0.0,0
2021-07-17,7,2021,34.1,20.5,82.0,19.7,0.0,False,0.0,0
2021-07-18,7,2021,35.0,16.5,65.6,14.6,0.0,False,0.0,0
2021-07-19,7,2021,35.6,20.9,79.2,18.4,0.0,False,0.0,0
2021-07-20,7,2021,32.0,19.3,66.0,17.4,0.0,False,0.0,0
2021-07-21,7,2021,35.1,17.9,69.0,12.0,0.0,False,0.0,0
2021-07-22,7,2021,31.6,16.1,49.4,33.9,0.0,False,0.0,0
2021-07-23,7,2021,37.9,18.3,67.8,6.0,0.0,False,0.0,0
2021-07-24,7,2021,29.7,20.8,50.3,14.2,0.0,False,0.0,0
2021-07-25,7,2021,28.6,19.7,68.4,28.6,0.0,False,0.0,0
2021-07-26,7,2021,28.9,21.7,47.2,17.8,0.0,False,0.0,0
2021-07-27,7,2021,30.8,18.0,49.5,29.2,0.0,False,0.0,0
2021-07-28,7,2021,30.2,24.0,79.0,17.7,0.0,False,0.0,0
2021-07-29,7,2021,37.9,19.4,43.6,45.4,0.0,False,0.0,0
2021-07-30,7,2021,32.2,17.9,58.8,34.7,0.0,False,0.0,0
2021-07-31,7,2021,29.6,23.3,84.8,4.2,0.0,False,0.0,0
2021-08-01,8,2021,34.8,24.4,45.3,17.4,0.0,False,0.0,0
2021-08-02,8,2021,30.5,20.8,58.3,33.0,0.0,False,0.0,0
2021-08-03,8,2021,28.9,19.8,45.8,13.6,0.0,False,0.0,0
2021-08-04,8,2021,34.2,23.3,84.7,26.6,0.0,False,0.0,0
2021-08-05,8,2021,33.6,18.8,46.4,15.7,0.0,False,0.0,0
2021-08-06,8,2021,30.9,23.3,53.0,7.3,0.0,False,0.0,0
2021-08-07,8,2021,35.5,17.5,61.5,12.8,0.0,False,0.0,0
2021-08-08,8,2021,32.3,20.8,73.9,12.7,0.0,False,0.0,0
2021-08-09,8,2021,36.0,21.0,57.6,23.6,0.0,False,0.0,0
2021-08-10,8,2021,33.3,24.0,50.9,37.8,0.0,False,0.0,0
2021-08-11,8,2021,35.9,16.4,59.0,25.5,0.0,False,0.0,0
2021-08-12,8,2021,32.3,21.6,69.1,13.0,0.0,False,0.0,0
2021-08-13,8,2021,29.0,20.7,90.5,24.7,0.0,False,0.0,0
2021-08-14,8,2021,38.1,21.0,56.7,7.0,0.0,False,0.0,0
2021-08-15,8,2021,30.6,18.8,58.5,14.5,0.0,False,0.0,0
2021-08-16,8,2021,31.5,17.7,76.0,9.5,0.0,False,0.0,0
2021-08-17,8,2021,30.2,19.8,55.2,25.1,0.0,False,0.0,0
2021-08-18,8,2021,31.5,20.4,57.8,23.9,0.0,False,0.0,0
2021-08-19,8,2021,32.6,24.7,90.7,13.8,0.0,False,0.0,0
2021-08-20,8,2021,32.5,21.3,70.8,9.3,0.0,False,0.0,0
2021-08-21,8,2021,33.7,21.0,82.3,8.7,0.0,False,0.0,0
2021-08-22,8,2021,36.5,22.7,41.6,10.7,0.0,False,0.0,0
2021-08-23,8,2021,31.7,17.0,47.4,13.2,0.0,False,0.0,0
2021-08-24,8,2021,28.9,22.8,77.1,33.8,0.0,False,0.0,0
2021-08-25,8,2021,29.0,23.3,67.5,7.9,0.0,False,0.0,0
2021-08-26,8,2021,30.3,23.3,90.8,9.0,0.0,False,0.0,0
2021-08-27,8,2021,27.8,20.2,65.3,14.3,0.0,False,0.0,0
2021-08-28,8,2021,34.1,17.9,59.6,21.7,0.0,False,0.0,0
2021-08-29,8,2021,30.8,18.5,49.9,6.2,0.0,False,0.0,0
2021-08-30,8,2021,31.2,21.6,70.1,10.9,0.0,False,0.0,0
2021-08-31,8,2021,32.0,22.3,79.1,31.7,0.0,False,0.0,0
2021-09-01,9,2021,23.5,20.2,87.1,23.9,0.0,False,0.0,0
2021-09-02,9,2021,24.8,20.8,47.0,13.8,0.0,False,0.0,0
2021-09-03,9,2021,28.7,19.2,40.4,7.7,0.0,False,0.0,0
2021-09-04,9,2021,28.5,17.1,64.4,13.1,0.0,False,0.0,0
2021-09-05,9,2021,25.9,17.7,49.3,10.9,14.6,True,1.0,0
2021-09-06,9,2021,31.5,16.4,71.1,25.8,0.0,False,1.0,0
2021-09-07,9,2021,23.7,19.6,71.6,12.4,0.0,False,1.0,0
2021-09-08,9,2021,26.1,18.5,60.9,24.5,0.0,False,1.0,0
2021-09-09,9,2021,26.4,17.5,74.5,15.5,0.0,False,1.0,0
2021-09-10,9,2021,20.0,13.9,50.2,13.8,0.0,False,1.0,0
2021-09-11,9,2021,31.8,19.6,81.2,29.2,0.0,False,0.0,0
2021-09-12,9,2021,27.9,13.2,42.6,9.4,0.0,False,0.0,0
2021-09-13,9,2021,24.4,20.1,48.8,16.9,0.0,False,0.0,0
2021-09-14,9,2021,32.1,19.5,90.0,21.0,0.0,False,0.0,0
2021-09-15,9,2021,28.5,13.0,85.9,13.0,0.0,False,0.0,0
2021-09-16,9,2021,28.1,16.9,87.9,25.6,0.0,False,0.0,0
2021-09-17,9,2021,25.5,13.9,86.3,37.1,28.0,True,1.0,0
2021-09-18,9,2021,27.3,16.6,62.5,6.7,0.0,False,1.0,0
2021-09-19,9,2021,23.2,18.4,87.9,9.3,0.0,False,1.0,0
2021-09-20,9,2021,29.0,16.7,52.1,18.5,0.0,False,1.0,0
2021-09-21,9,2021,26.1,13.6,42.5,29.9,0.0,False,1.0,0
2021-09-22,9,2021,27.3,17.7,68.4,22.7,0.0,False,1.0,0
2021-09-23,9,2021,30.0,17.6,56.0,4.9,0.0,False,0.0,0
2021-09-24,9,2021,27.7,16.9,67.1,13.2,0.0,False,0.0,0
2021-09-25,9,2021,27.7,14.4,64.1,23.5,0.0,False,0.0,0
2021-09-26,9,2021,27.7,16.1,64.6,24.9,0.0,False,0.0,0
2021-09-27,9,2021,25.2,17.7,69.1,17.7,0.0,False,0.0,0
2021-09-28,9,2021,29.1,16.6,87.1,6.2,0.0,False,0.0,0
2021-09-29,9,2021,30.9,22.3,52.0,22.6,0.0,False,0.0,0
2021-09-30,9,2021,28.9,17.6,84.7,18.3,0.0,False,0.0,0
2021-10-01,10,2021,25.2,13.5,77.4,26.4,0.0,False,0.0,0
2021-10-02,10,2021,20.8,15.2,44.0,14.9,0.0,False,0.0,0
2021-10-03,10,2021,20.8,11.2,82.6,31.8,0.0,False,0.0,0
2021-10-04,10,2021,19.4,15.1,60.3,12.6,0.0,False,0.0,0
2021-10-05,10,2021,26.1,18.0,57.1,33.4,0.0,False,0.0,0
2021-10-06,10,2021,22.4,11.8,40.0,4.6,0.0,False,0.0,0
2021-10-07,10,2021,26.5,14.7,52.5,28.1,30.0,True,1.0,0
2021-10-08,10,2021,21.0,15.9,75.1,31.3,0.0,False,1.0,0
2021-10-09,10,2021,21.9,9.8,83.4,24.6,0.0,False,1.0,0
2021-10-10,10,2021,23.2,18.1,52.3,36.0,8.0,True,2.0,0
2021-10-11,10,2021,25.3,11.4,58.9,9.8,0.0,False,2.0,0
2021-10-12,10,2021,23.2,13.2,47.7,13.8,0.0,False,2.0,0
2021-10-13,10,2021,23.5,15.0,81.0,10.5,0.0,False,1.0,0
2021-10-14,10,2021,23.0,13.4,76.6,32.3,12.0,True,2.0,0
2021-10-15,10,2021,23.4,16.0,75.7,27.4,0.0,False,2.0,0
2021-10-16,10,2021,20.2,14.4,74.6,33.7,0.0,False,1.0,0
2021-10-17,10,2021,23.2,15.4,85.5,13.7,0.0,False,1.0,0
2021-10-18,10,2021,22.5,14.2,85.0,8.6,17.0,True,2.0,0
2021-10-19,10,2021,22.9,17.7,71.9,42.0,0.0,False,2.0,0
2021-10-20,10,2021,24.2,9.0,54.7,16.6,0.0,False,1.0,0
2021-10-21,10,2021,21.3,14.9,60.6,26.6,0.0,False,1.0,0
2021-10-22,10,2021,22.8,13.2,41.5,23.6,0.0,False,1.0,0
2021-10-23,10,2021,22.3,11.6,86.7,8.4,0.0,False,1.0,0
2021-10-24,10,2021,24.0,12.0,75.1,32.3,0.0,False,0.0,0
2021-10-25,10,2021,25.0,12.6,86.3,43.4,0.0,False,0.0,0
2021-10-26,10,2021,20.6,15.4,55.4,41.7,0.0,False,0.0,0
2021-10-27,10,2021,24.5,11.8,88.2,13.4,0.0,False,0.0,0
2021-10-28,10,2021,28.2,13.6,84.1,37.8,0.0,False,0.0,0
2021-10-29,10,2021,19.3,14.7,85.2,8.1,0.0,False,0.0,0
2021-10-30,10,2021,20.9,11.1,40.0,39.0,0.0,False,0.0,0
2021-10-31,10,2021,20.8,16.8,59.2,5.9,0.0,False,0.0,0
2021-11-01,11,2021,17.3,16.1,46.2,15.4,28.0,True,1.0,0
2021-11-02,11,2021,22.1,8.3,87.6,32.2,0.0,False,1.0,0
2021-11-03,11,2021,18.0,12.3,66.2,26.5,0.0,False,1.0,0
2021-11-04,11,2021,16.3,9.2,65.0,26.3,0.0,False,1.0,0
2021-11-05,11,2021,19.6,11.3,64.8,11.8,0.0,False,1.0,0
2021-11-06,11,2021,16.5,9.5,69.1,15.8,0.0,False,1.0,0
2021-11-07,11,2021,20.8,15.5,67.8,21.2,26.4,True,1.0,0
2021-11-08,11,2021,18.8,9.2,86.8,14.9,0.0,False,1.0,0
2021-11-09,11,2021,21.5,12.0,85.1,18.4,0.0,False,1.0,0
2021-11-10,11,2021,16.3,11.5,80.0,19.5,24.5,True,2.0,0
2021-11-11,11,2021,25.6,7.3,56.5,31.2,30.1,True,3.0,0
2021-11-12,11,2021,20.1,4.6,80.0,26.4,0.0,False,3.0,0
2021-11-13,11,2021,19.6,11.4,47.4,23.8,4.2,True,3.0,0
2021-11-14,11,2021,17.9,12.1,83.9,5.6,0.0,False,3.0,0
2021-11-15,11,2021,16.2,8.7,79.4,8.7,0.0,False,3.0,0
2021-11-16,11,2021,15.8,8.4,79.6,34.9,0.0,False,2.0,0
2021-11-17,11,2021,17.7,12.4,67.0,28.2,0.0,False,1.0,0
2021-11-18,11,2021,16.0,12.1,63.0,9.3,0.0,False,1.0,0
2021-11-19,11,2021,18.7,12.4,51.6,6.5,0.6,False,0.0,0
2021-11-20,11,2021,15.9,10.7,81.2,8.9,0.0,False,0.0,0
2021-11-21,11,2021,19.6,8.0,89.3,31.9,0.0,False,0.0,0
2021-11-22,11,2021,20.4,7.0,67.7,42.6,0.0,False,0.0,0
2021-11-23,11,2021,16.2,5.0,86.0,27.8,0.0,False,0.0,0
2021-11-24,11,2021,21.0,9.9,54.4,29.1,0.0,False,0.0,0
2021-11-25,11,2021,17.4,14.8,66.4,5.4,0.0,False,0.0,0
2021-11-26,11,2021,20.9,11.2,56.7,34.1,11.4,True,1.0,0
2021-11-27,11,2021,19.1,9.8,90.6,24.6,0.0,False,1.0,0
2021-11-28,11,2021,20.8,6.2,52.8,13.7,0.0,False,1.0,0
2021-11-29,11,2021,15.5,8.3,74.6,18.2,8.6,True,2.0,0
2021-11-30,11,2021,17.7,10.0,79.0,40.0,28.6,True,3.0,0
2021-12-01,12,2021,19.6,6.4,41.6,6.2,10.6,True,4.0,0
2021-12-02,12,2021,14.5,9.3,90.1,9.6,0.0,False,3.0,0
2021-12-03,12,2021,10.9,6.6,44.7,8.6,0.0,False,3.0,0
2021-12-04,12,2021,11.1,8.7,71.3,19.5,0.0,False,3.0,0
2021-12-05,12,2021,9.7,6.7,47.6,10.7,0.0,False,2.0,0
2021-12-06,12,2021,10.7,6.5,66.6,6.8,1.0,True,2.0,0
2021-12-07,12,2021,15.0,10.1,44.8,18.7,0.0,False,1.0,0
2021-12-08,12,2021,19.2,5.1,79.8,31.8,0.0,False,1.0,0
2021-12-09,12,2021,14.9,6.3,79.4,24.6,0.0,False,1.0,0
2021-12-10,12,2021,16.8,3.8,70.5,5.6,28.6,True,2.0,1
2021-12-11,12,2021,15.7,7.2,40.7,5.9,0.0,False,2.0,0
2021-12-12,12,2021,16.0,9.7,42.1,19.4,0.0,False,1.0,0
2021-12-13,12,2021,15.6,8.7,49.2,8.3,11.5,True,2.0,0
2021-12-14,12,2021,15.6,8.8,89.6,25.7,0.0,False,2.0,0
2021-12-15,12,2021,17.2,9.6,53.0,11.0,4.0,True,3.0,0
2021-12-16,12,2021,13.1,8.6,78.3,16.4,0.0,False,2.0,0
2021-12-17,12,2021,18.5,8.9,54.3,22.3,0.0,False,2.0,0
2021-12-18,12,2021,18.3,8.0,53.0,42.6,0.0,False,2.0,0
2021-12-19,12,2021,15.5,4.6,53.2,9.7,0.0,False,1.0,0
2021-12-20,12,2021,18.0,8.3,55.1,36.7,7.8,True,2.0,0
2021-12-21,12,2021,14.2,9.4,40.5,13.8,24.7,True,2.0,0
2021-12-22,12,2021,14.7,4.8,90.3,8.8,0.0,False,2.0,0
2021-12-23,12,2021,16.4,7.6,68.9,15.8,0.0,False,2.0,0
2021-12-24,12,2021,15.5,9.7,70.7,32.1,25.5,True,3.0,0
2021-12-25,12,2021,14.9,6.1,67.5,5.9,30.7,True,4.0,0
2021-12-26,12,2021,14.3,3.7,42.2,8.2,0.0,False,3.0,0
2021-12-27,12,2021,14.6,7.2,64.0,21.2,0.0,False,2.0,0
2021-12-28,12,2021,18.3,11.0,67.5,15.4,0.0,False,2.0,0
2021-12-29,12,2021,11.1,4.7,74.3,17.5,0.0,False,2.0,0
2021-12-30,12,2021,16.9,6.7,67.2,31.0,0.0,False,1.0,0
2021-12-31,12,2021,15.4,5.1,42.8,9.0,0.0,False,0.0,0
2022-01-01,1,2022,15.8,4.1,71.6,13.0,0.0,False,0.0,0
2022-01-02,1,2022,15.3,5.6,69.6,9.9,0.0,False,0.0,0
2022-01-03,1,2022,7.0,8.7,67.8,7.3,0.0,False,0.0,0
2022-01-04,1,2022,15.5,3.2,83.0,19.0,0.0,False,0.0,0
2022-01-05,1,2022,14.8,3.2,62.8,10.1,16.0,True,1.0,0
2022-01-06,1,2022,14.1,2.8,70.8,36.1,23.5,True,2.0,0
2022-01-07,1,2022,12.8,2.3,46.3,5.9,0.0,False,2.0,0
2022-01-08,1,2022,16.1,1.2,52.9,35.6,14.6,True,3.0,0
2022-01-09,1,2022,13.0,2.9,83.4,21.1,0.0,False,3.0,0
2022-01-10,1,2022,18.6,4.7,40.8,33.3,9.0,True,4.0,0
2022-01-11,1,2022,15.4,5.1,48.0,5.3,27.0,True,4.0,0
2022-01-12,1,2022,19.3,7.9,82.0,13.3,24.4,True,4.0,0
2022-01-13,1,2022,12.0,2.9,51.7,18.2,0.0,False,4.0,0
2022-01-14,1,2022,9.6,3.1,53.2,10.2,0.0,False,3.0,0
2022-01-15,1,2022,15.8,3.1,75.7,15.8,0.0,False,3.0,0
2022-01-16,1,2022,16.1,5.5,89.3,5.4,0.0,False,2.0,0
2022-01-17,1,2022,14.1,4.6,50.1,21.1,1.1,True,2.0,0
2022-01-18,1,2022,10.2,6.9,78.1,38.1,22.5,True,2.0,0
2022-01-19,1,2022,12.9,3.0,47.2,6.8,0.0,False,2.0,0
2022-01-20,1,2022,15.5,7.3,59.5,32.1,0.0,False,2.0,0
2022-01-21,1,2022,13.5,7.4,56.5,27.4,27.8,True,3.0,0
2022-01-22,1,2022,13.7,4.3,85.1,10.6,17.5,True,4.0,0
2022-01-23,1,2022,13.6,3.4,73.4,18.8,0.0,False,3.0,0
2022-01-24,1,2022,11.7,5.5,57.0,12.8,7.1,True,3.0,0
2022-01-25,1,2022,12.7,3.0,41.1,22.1,26.7,True,4.0,0
2022-01-26,1,2022,10.4,10.0,58.8,10.1,0.0,False,4.0,0
2022-01-27,1,2022,18.4,5.4,89.6,16.2,23.0,True,4.0,0
2022-01-28,1,2022,12.8,7.0,67.0,29.4,0.0,False,3.0,0
2022-01-29,1,2022,15.2,1.8,77.8,17.2,0.0,False,3.0,0
2022-01-30,1,2022,11.4,0.6,57.6,24.3,0.0,False,2.0,0
2022-01-31,1,2022,16.0,6.7,63.5,34.7,0.0,False,1.0,0
2022-02-01,2,2022,10.3,7.3,50.8,38.8,0.0,False,1.0,0
2022-02-02,2,2022,17.3,4.1,82.7,44.4,0.0,False,0.0,0
2022-02-03,2,2022,14.9,4.6,58.4,34.7,0.0,False,0.0,0
2022-02-04,2,2022,20.3,4.3,41.9,10.9,0.0,False,0.0,0
2022-02-05,2,2022,11.7,6.6,75.1,15.4,0.0,False,0.0,0
2022-02-06,2,2022,15.2,8.3,47.9,14.5,0.0,False,0.0,0
2022-02-07,2,2022,15.9,2.1,80.7,8.6,0.0,False,0.0,0
2022-02-08,2,2022,18.1,7.2,40.8,6.6,0.0,False,0.0,0
2022-02-09,2,2022,13.9,3.8,69.9,12.3,0.0,False,0.0,0
2022-02-10,2,2022,15.2,4.7,65.3,33.2,0.0,False,0.0,0
2022-02-11,2,2022,9.6,5.6,90.9,5.7,0.0,False,0.0,0
2022-02-12,2,2022,12.9,2.6,46.9,10.2,0.0,False,0.0,0
2022-02-13,2,2022,16.1,13.1,74.3,13.7,0.0,False,0.0,0
2022-02-14,2,2022,17.8,12.1,44.8,23.3,0.0,False,0.0,0
2022-02-15,2,2022,14.3,7.9,48.3,20.3,0.0,False,0.0,0
2022-02-16,2,2022,20.1,7.6,90.4,29.7,0.0,False,0.0,0
2022-02-17,2,2022,19.4,3.4,81.1,24.8,16.9,True,1.0,0
2022-02-18,2,2022,14.8,11.9,52.5,35.1,0.0,False,1.0,0
2022-02-19,2,2022,9.0,6.0,83.2,17.8,0.0,False,1.0,0
2022-02-20,2,2022,10.6,5.7,41.8,19.4,0.2,False,1.0,0
2022-02-21,2,2022,13.1,9.0,67.3,31.9,0.0,False,1.0,0
2022-02-22,2,2022,17.8,6.7,44.7,4.0,0.0,False,1.0,0
2022-02-23,2,2022,15.8,4.1,89.5,10.9,1.8,True,1.0,0
2022-02-24,2,2022,9.8,5.5,69.7,10.3,0.0,False,1.0,0
2022-02-25,2,2022,14.4,5.1,68.3,20.2,0.0,False,1.0,0
2022-02-26,2,2022,19.0,6.2,56.2,26.1,0.0,False,1.0,0
2022-02-27,2,2022,14.1,7.4,83.3,11.1,0.0,False,1.0,0
2022-02-28,2,2022,13.1,7.3,67.0,18.4,6.5,True,2.0,1
2022-03-01,3,2022,22.1,10.3,40.9,27.0,17.8,True,2.0,0
2022-03-02,3,2022,17.1,7.0,49.4,26.3,0.0,False,2.0,0
2022-03-03,3,2022,15.8,9.4,62.1,17.2,0.0,False,2.0,0
2022-03-04,3,2022,17.9,11.3,44.1,25.6,0.0,False,2.0,0
2022-03-05,3,2022,17.0,3.9,54.3,20.1,0.0,False,2.0,0
2022-03-06,3,2022,15.9,8.8,52.8,6.8,0.0,False,1.0,0
2022-03-07,3,2022,20.0,4.3,40.0,40.2,0.0,False,0.0,0
2022-03-08,3,2022,19.8,3.2,75.3,43.0,0.0,False,0.0,0
2022-03-09,3,2022,19.1,11.0,79.5,8.8,0.0,False,0.0,0
2022-03-10,3,2022,16.7,9.8,81.8,15.7,0.0,False,0.0,0
2022-03-11,3,2022,19.9,8.3,83.4,22.3,0.0,False,0.0,0
2022-03-12,3,2022,16.9,5.8,47.7,20.5,0.0,False,0.0,0
2022-03-13,3,2022,18.2,10.8,85.4,14.5,0.0,False,0.0,0
2022-03-14,3,2022,19.6,3.6,73.6,36.0,0.0,False,0.0,0
2022-03-15,3,2022,19.0,7.2,75.5,24.5,0.0,False,0.0,0
2022-03-16,3,2022,21.5,8.2,68.8,7.7,0.0,False,0.0,0
2022-03-17,3,2022,18.1,10.2,87.9,24.2,0.0,False,0.0,0
2022-03-18,3,2022,12.8,3.2,52.8,10.2,19.4,True,1.0,0
2022-03-19,3,2022,14.1,-0.7,80.1,7.0,0.0,False,1.0,0
2022-03-20,3,2022,20.4,7.3,65.3,14.0,0.0,False,1.0,0
2022-03-21,3,2022,16.2,7.8,85.4,6.1,0.0,False,1.0,0
2022-03-22,3,2022,18.0,7.4,54.1,8.5,1.2,True,2.0,0
2022-03-23,3,2022,14.9,4.8,40.8,16.8,0.0,False,2.0,0
2022-03-24,3,2022,19.5,6.9,43.3,44.2,0.0,False,1.0,0
2022-03-25,3,2022,16.0,3.1,85.9,32.1,0.0,False,1.0,0
2022-03-26,3,2022,20.6,8.1,72.7,4.6,15.4,True,2.0,0
2022-03-27,3,2022,15.7,9.2,77.2,33.7,0.0,False,2.0,0
2022-03-28,3,2022,19.8,5.2,65.7,11.9,0.0,False,1.0,0
2022-03-29,3,2022,18.7,2.0,68.4,9.7,0.0,False,1.0,0
2022-03-30,3,2022,15.2,6.7,58.6,12.6,0.0,False,1.0,0
2022-03-31,3,2022,19.7,6.5,79.9,19.2,18.0,True,2.0,0
2022-04-01,4,2022,17.7,9.8,78.6,17.7,17.9,True,2.0,0
2022-04-02,4,2022,17.9,13.3,75.7,22.6,21.8,True,3.0,0
2022-04-03,4,2022,21.8,10.3,89.1,9.0,0.0,False,3.0,0
2022-04-04,4,2022,18.4,15.2,79.2,14.4,0.0,False,3.0,0
2022-04-05,4,2022,18.5,11.0,89.9,21.0,0.0,False,3.0,0
2022-04-06,4,2022,19.1,7.3,70.1,30.4,0.0,False,2.0,0
2022-04-07,4,2022,17.5,12.8,71.6,14.3,0.0,False,1.0,0
2022-04-08,4,2022,22.6,9.8,72.6,32.0,0.0,False,0.0,0
2022-04-09,4,2022,21.5,8.8,56.6,15.7,0.0,False,0.0,0
2022-04-10,4,2022,19.8,10.7,41.7,39.2,0.0,False,0.0,0
2022-04-11,4,2022,19.7,10.3,80.2,12.3,0.0,False,0.0,0
2022-04-12,4,2022,21.1,6.1,76.2,14.3,0.0,False,0.0,0
2022-04-13,4,2022,24.4,7.9,44.0,23.5,11.5,True,1.0,0
2022-04-14,4,2022,22.2,12.9,47.6,21.0,0.0,False,1.0,0
2022-04-15,4,2022,18.7,10.4,75.0,13.9,0.0,False,1.0,0
2022-04-16,4,2022,21.9,11.6,67.3,17.7,0.0,False,1.0,0
2022-04-17,4,2022,19.7,12.6,49.8,24.0,0.0,False,1.0,0
2022-04-18,4,2022,19.5,14.5,42.9,6.3,0.0,False,1.0,0
2022-04-19,4,2022,24.7,8.4,71.2,21.8,0.0,False,0.0,0
2022-04-20,4,2022,19.0,8.2,42.7,27.4,0.0,False,0.0,0
2022-04-21,4,2022,18.8,7.7,50.9,29.6,0.0,False,0.0,0
2022-04-22,4,2022,15.1,8.5,65.6,10.1,0.0,False,0.0,0
2022-04-23,4,2022,16.5,7.7,44.8,23.1,25.0,True,1.0,0
2022-04-24,4,2022,21.1,10.0,60.9,26.7,0.0,False,1.0,0
2022-04-25,4,2022,18.3,9.7,41.0,7.2,0.0,False,1.0,0
2022-04-26,4,2022,21.3,11.5,46.1,6.6,0.0,False,1.0,0
2022-04-27,4,2022,17.2,7.0,87.9,34.8,0.0,False,1.0,0
2022-04-28,4,2022,18.1,8.4,68.5,14.1,0.0,False,1.0,0
2022-04-29,4,2022,21.7,10.9,75.0,25.5,0.0,False,0.0,0
2022-04-30,4,2022,23.7,11.7,59.3,20.2,0.0,False,0.0,0
2022-05-01,5,2022,26.5,8.2,78.9,13.4,0.0,False,0.0,0
2022-05-02,5,2022,28.0,12.5,85.7,13.6,0.0,False,0.0,0
2022-05-03,5,2022,29.3,13.4,86.4,36.2,4.9,True,1.0,0
2022-05-04,5,2022,27.6,8.9,65.3,16.8,0.0,False,1.0,0
2022-05-05,5,2022,22.7,15.1,78.9,17.7,0.0,False,1.0,0
2022-05-06,5,2022,24.7,17.0,76.2,43.5,0.0,False,1.0,0
2022-05-07,5,2022,26.6,9.1,88.5,15.5,0.0,False,1.0,0
2022-05-08,5,2022,24.0,10.1,52.3,14.3,0.0,False,1.0,0
2022-05-09,5,2022,26.1,16.4,68.6,6.9,0.0,False,0.0,0
2022-05-10,5,2022,21.1,16.8,42.2,14.8,0.0,False,0.0,0
2022-05-11,5,2022,22.9,10.8,87.1,9.2,0.0,False,0.0,0
2022-05-12,5,2022,26.3,11.5,88.2,8.1,0.0,False,0.0,0
2022-05-13,5,2022,19.4,15.6,65.5,14.3,0.0,False,0.0,0
2022-05-14,5,2022,22.2,13.4,69.9,8.8,0.0,False,0.0,0
2022-05-15,5,2022,25.0,12.7,79.4,12.6,0.0,False,0.0,0
2022-05-16,5,2022,20.7,18.0,52.7,24.9,0.0,False,0.0,0
2022-05-17,5,2022,25.1,14.7,59.3,31.9,0.0,False,0.0,0
2022-05-18,5,2022,23.0,9.5,54.7,12.5,0.0,False,0.0,0
2022-05-19,5,2022,24.3,14.6,67.5,13.8,0.0,False,0.0,0
2022-05-20,5,2022,24.4,10.5,88.4,26.7,0.0,False,0.0,0
2022-05-21,5,2022,25.5,15.9,59.7,28.8,0.0,False,0.0,0
2022-05-22,5,2022,23.6,16.5,42.3,9.2,28.9,True,1.0,0
2022-05-23,5,2022,25.2,15.1,74.8,15.2,0.0,False,1.0,0
2022-05-24,5,2022,23.5,16.3,65.2,3.7,28.8,True,2.0,0
2022-05-25,5,2022,26.4,18.9,55.1,15.2,0.0,False,2.0,0
2022-05-26,5,2022,29.2,15.8,61.2,35.3,0.0,False,2.0,0
2022-05-27,5,2022,25.5,13.1,84.0,6.3,0.0,False,2.0,0
2022-05-28,5,2022,25.4,11.3,81.9,14.9,0.0,False,1.0,0
2022-05-29,5,2022,22.1,14.6,48.7,11.5,0.0,False,1.0,0
2022-05-30,5,2022,26.7,11.4,74.9,5.6,0.0,False,0.0,0
2022-05-31,5,2022,23.1,10.4,90.9,15.2,0.0,False,0.0,0
2022-06-01,6,2022,27.0,16.8,80.0,10.8,0.0,False,0.0,0
2022-06-02,6,2022,30.4,13.6,77.0,31.5,0.0,False,0.0,0
2022-06-03,6,2022,29.5,14.7,55.8,23.2,0.0,False,0.0,0
2022-06-04,6,2022,31.8,19.3,48.1,17.5,0.0,False,0.0,0
2022-06-05,6,2022,32.6,16.8,84.1,25.7,0.0,False,0.0,0
2022-06-06,6,2022,27.7,17.2,71.1,7.3,0.0,False,0.0,0
2022-06-07,6,2022,29.3,17.9,59.9,27.8,0.0,False,0.0,0
2022-06-08,6,2022,33.4,13.1,78.5,12.3,0.0,False,0.0,0
2022-06-09,6,2022,31.4,18.5,76.7,18.3,0.0,False,0.0,0
2022-06-10,6,2022,30.8,18.0,73.0,7.2,0.0,False,0.0,0
2022-06-11,6,2022,32.3,17.9,50.6,30.6,0.0,False,0.0,0
2022-06-12,6,2022,27.5,18.9,85.2,18.5,0.0,False,0.0,0
2022-06-13,6,2022,30.6,12.6,76.7,16.4,0.0,False,0.0,0
2022-06-14,6,2022,32.5,22.8,55.4,8.2,0.0,False,0.0,0
2022-06-15,6,2022,33.1,17.2,43.2,22.8,0.0,False,0.0,0
2022-06-16,6,2022,27.0,14.4,86.6,13.8,0.0,False,0.0,0
2022-06-17,6,2022,28.4,18.3,80.5,24.7,0.0,False,0.0,0
2022-06-18,6,2022,30.0,14.8,65.4,28.1,0.0,False,0.0,0
2022-06-19,6,2022,28.3,18.2,61.1,4.1,0.0,False,0.0,0
2022-06-20,6,2022,28.0,19.4,71.4,11.3,0.0,False,0.0,0
2022-06-21,6,2022,30.7,14.7,60.3,24.5,0.0,False,0.0,0
2022-06-22,6,2022,28.1,20.1,42.0,13.4,0.0,False,0.0,0
2022-06-23,6,2022,24.5,18.3,55.4,27.5,0.0,False,0.0,0
2022-06-24,6,2022,29.9,18.9,52.6,20.1,0.0,False,0.0,0
2022-06-25,6,2022,27.9,19.0,89.6,33.1,0.0,False,0.0,0
2022-06-26,6,2022,27.2,19.3,79.1,20.5,0.0,False,0.0,0
2022-06-27,6,2022,25.1,20.8,60.6,35.0,0.0,False,0.0,0
2022-06-28,6,2022,31.5,20.2,77.6,10.5,0.0,False,0.0,0
2022-06-29,6,2022,23.4,19.2,55.4,29.6,0.0,False,0.0,0
2022-06-30,6,2022,24.8,16.1,66.9,5.5,0.0,False,0.0,0
2022-07-01,7,2022,32.3,20.7,50.6,6.8,0.0,False,0.0,0
2022-07-02,7,2022,36.1,18.6,53.0,15.1,0.0,False,0.0,0
2022-07-03,7,2022,36.3,16.4,62.1,9.4,0.0,False,0.0,0
2022-07-04,7,2022,30.1,19.9,44.2,39.4,0.0,False,0.0,0
2022-07-05,7,2022,32.6,17.7,83.5,28.9,0.0,False,0.0,0
2022-07-06,7,2022,29.2,22.8,86.7,27.2,0.0,False,0.0,0
2022-07-07,7,2022,35.5,19.9,50.9,18.0,0.0,False,0.0,0
2022-07-08,7,2022,29.3,20.1,64.2,17.9,0.0,False,0.0,0
2022-07-09,7,2022,32.6,21.9,82.9,20.9,0.0,False,0.0,0
2022-07-10,7,2022,35.6,19.0,54.7,21.4,0.0,False,0.0,0
2022-07-11,7,2022,32.4,19.4,71.1,35.6,0.0,False,0.0,0
2022-07-12,7,2022,36.7,22.9,62.5,7.8,0.0,False,0.0,0
2022-07-13,7,2022,30.8,16.5,60.3,18.5,0.0,False,0.0,0
2022-07-14,7,2022,33.9,17.8,80.3,47.0,0.0,False,0.0,0
2022-07-15,7,2022,35.1,19.7,63.7,17.6,0.0,False,0.0,0
2022-07-16,7,2022,32.7,22.0,63.7,31.9,0.0,False,0.0,0
2022-07-17,7,2022,36.5,20.6,90.6,21.7,0.0,False,0.0,0
2022-07-18,7,2022,34.4,17.1,89.1,24.0,0.0,False,0.0,0
2022-07-19,7,2022,28.9,17.7,52.0,11.7,0.0,False,0.0,0
2022-07-20,7,2022,42.9,24.2,51.6,31.5,0.0,False,0.0,0
2022-07-21,7,2022,34.6,20.8,73.8,10.9,0.0,False,0.0,0
2022-07-22,7,2022,33.3,18.5,61.0,24.3,0.0,False,0.0,0
2022-07-23,7,2022,29.5,18.8,76.7,7.1,0.0,False,0.0,0
2022-07-24,7,2022,33.2,29.4,77.4,4.9,0.0,False,0.0,0
2022-07-25,7,2022,31.9,23.4,79.9,17.3,0.0,False,0.0,0
2022-07-26,7,2022,34.6,15.9,53.4,38.9,0.0,False,0.0,0
2022-07-27,7,2022,33.9,18.9,90.9,13.1,0.0,False,0.0,0
2022-07-28,7,2022,37.6,21.8,65.2,13.0,0.0,False,0.0,0
2022-07-29,7,2022,33.4,19.3,44.3,6.1,0.0,False,0.0,0
2022-07-30,7,2022,34.3,22.8,45.7,24.4,0.0,False,0.0,0
2022-07-31,7,2022,33.9,24.4,68.6,26.3,0.0,False,0.0,0
2022-08-01,8,2022,31.6,21.0,66.0,36.1,0.0,False,0.0,0
2022-08-02,8,2022,31.5,21.7,87.7,16.3,0.0,False,0.0,0
2022-08-03,8,2022,34.8,20.6,85.9,7.6,0.0,False,0.0,0
2022-08-04,8,2022,34.0,23.2,63.7,5.7,0.0,False,0.0,0
2022-08-05,8,2022,30.4,24.7,50.5,34.5,0.0,False,0.0,0
2022-08-06,8,2022,29.2,23.3,68.8,23.5,0.0,False,0.0,0
2022-08-07,8,2022,31.8,18.3,55.7,36.9,0.0,False,0.0,0
2022-08-08,8,2022,34.9,22.9,73.2,34.5,0.0,False,0.0,0
2022-08-09,8,2022,31.9,19.6,66.3,17.3,0.0,False,0.0,0
2022-08-10,8,2022,36.4,25.4,83.0,24.2,0.0,False,0.0,0
2022-08-11,8,2022,30.1,22.2,46.7,27.3,0.0,False,0.0,0
2022-08-12,8,2022,32.4,23.6,52.8,15.8,0.0,False,0.0,0
2022-08-13,8,2022,25.7,20.9,70.5,8.6,0.0,False,0.0,0
2022-08-14,8,2022,30.5,20.9,71.9,12.0,0.0,False,0.0,0
2022-08-15,8,2022,31.2,22.1,61.0,19.8,0.0,False,0.0,0
2022-08-16,8,2022,33.3,20.9,85.9,11.2,0.0,False,0.0,0
2022-08-17,8,2022,36.3,24.9,81.3,35.2,0.0,False,0.0,0
2022-08-18,8,2022,32.1,18.1,67.6,20.9,0.0,False,0.0,0
2022-08-19,8,2022,35.6,22.7,60.7,26.2,0.0,False,0.0,0
2022-08-20,8,2022,33.7,19.5,60.3,33.3,0.0,False,0.0,0
2022-08-21,8,2022,34.5,23.2,45.8,35.5,0.0,False,0.0,0
2022-08-22,8,2022,30.8,16.5,87.8,40.7,0.0,False,0.0,0
2022-08-23,8,2022,35.5,24.2,52.0,22.6,0.0,False,0.0,0
2022-08-24,8,2022,29.3,20.2,47.8,48.6,0.0,False,0.0,0
2022-08-25,8,2022,33.2,17.9,66.0,29.4,0.0,False,0.0,0
2022-08-26,8,2022,29.6,22.8,63.2,11.6,0.0,False,0.0,0
2022-08-27,8,2022,30.7,20.5,43.8,45.6,0.0,False,0.0,0
2022-08-28,8,2022,28.3,21.7,69.4,30.0,0.0,False,0.0,0
2022-08-29,8,2022,30.7,24.1,75.6,11.1,0.0,False,0.0,0
2022-08-30,8,2022,32.9,18.3,65.0,5.4,0.0,False,0.0,0
2022-08-31,8,2022,31.8,19.2,43.7,40.2,0.0,False,0.0,0
2022-09-01,9,2022,23.6,17.2,49.2,20.1,0.0,False,0.0,0
2022-09-02,9,2022,30.7,18.4,45.9,19.9,0.0,False,0.0,0
2022-09-03,9,2022,27.8,15.2,69.8,6.0,0.0,False,0.0,0
2022-09-04,9,2022,29.5,15.0,44.3,23.0,0.0,False,0.0,0
2022-09-05,9,2022,29.0,18.9,59.6,18.2,0.0,False,0.0,0
2022-09-06,9,2022,25.3,19.5,47.5,30.1,0.0,False,0.0,0
2022-09-07,9,2022,22.1,20.5,61.0,6.6,0.0,False,0.0,0
2022-09-08,9,2022,24.7,16.3,71.9,20.3,0.0,False,0.0,0
2022-09-09,9,2022,30.1,10.5,58.3,15.4,0.0,False,0.0,0
2022-09-10,9,2022,24.4,18.3,85.7,19.9,0.0,False,0.0,0
2022-09-11,9,2022,29.0,18.9,61.3,14.0,0.0,False,0.0,0
2022-09-12,9,2022,25.5,13.3,87.6,48.9,0.0,False,0.0,0
2022-09-13,9,2022,28.0,17.2,81.8,16.7,0.0,False,0.0,0
2022-09-14,9,2022,22.4,17.7,45.9,13.6,0.0,False,0.0,0
2022-09-15,9,2022,29.9,17.9,45.3,9.5,0.0,False,0.0,0
2022-09-16,9,2022,26.9,15.8,46.8,37.6,0.0,False,0.0,0
2022-09-17,9,2022,29.2,17.2,72.6,7.5,0.0,False,0.0,0
2022-09-18,9,2022,27.5,18.5,74.9,16.4,0.0,False,0.0,0
2022-09-19,9,2022,29.0,12.6,80.3,24.8,0.0,False,0.0,0
2022-09-20,9,2022,26.7,19.3,67.7,8.4,0.0,False,0.0,0
2022-09-21,9,2022,28.9,16.1,74.4,38.2,0.0,False,0.0,0
2022-09-22,9,2022,23.2,18.9,75.0,6.3,0.0,False,0.0,0
2022-09-23,9,2022,24.3,15.2,57.2,10.2,0.0,False,0.0,0
2022-09-24,9,2022,28.8,12.7,73.2,6.8,0.0,False,0.0,0
2022-09-25,9,2022,26.9,20.0,60.6,15.5,0.0,False,0.0,0
2022-09-26,9,2022,26.4,21.1,72.6,21.5,0.0,False,0.0,0
2022-09-27,9,2022,26.6,12.3,87.7,26.7,0.0,False,0.0,0
2022-09-28,9,2022,28.3,13.8,61.9,34.3,15.4,True,1.0,0
2022-09-29,9,2022,25.5,17.2,65.8,13.8,0.0,False,1.0,0
2022-09-30,9,2022,28.3,14.4,56.9,25.5,0.0,False,1.0,0
2022-10-01,10,2022,20.7,15.9,69.5,6.0,0.0,False,1.0,0
2022-10-02,10,2022,22.0,12.0,84.0,30.9,0.0,False,1.0,0
2022-10-03,10,2022,25.5,12.7,54.5,12.9,0.0,False,1.0,0
2022-10-04,10,2022,25.7,14.5,82.6,10.3,0.0,False,0.0,0
2022-10-05,10,2022,20.3,8.6,66.5,14.1,6.4,True,1.0,0
2022-10-06,10,2022,25.1,13.2,51.5,7.7,0.0,False,1.0,0
2022-10-07,10,2022,20.4,19.0,61.4,12.2,0.0,False,1.0,0
2022-10-08,10,2022,24.8,15.5,48.5,4.3,9.4,True,2.0,1
2022-10-09,10,2022,18.3,11.5,86.5,11.2,0.0,False,2.0,0
2022-10-10,10,2022,20.2,16.6,43.0,31.9,0.0,False,2.0,0
2022-10-11,10,2022,21.7,19.2,70.8,30.3,0.0,False,1.0,0
2022-10-12,10,2022,22.6,17.2,45.3,14.7,20.9,True,2.0,0
2022-10-13,10,2022,26.6,12.5,56.0,16.1,0.0,False,2.0,0
2022-10-14,10,2022,25.3,12.4,47.3,9.4,0.0,False,1.0,0
2022-10-15,10,2022,26.9,13.1,65.5,12.8,0.0,False,1.0,0
2022-10-16,10,2022,26.0,11.4,72.4,15.7,0.0,False,1.0,0
2022-10-17,10,2022,22.3,14.1,82.3,6.5,0.0,False,1.0,0
2022-10-18,10,2022,22.3,11.5,63.0,13.4,0.0,False,0.0,0
2022-10-19,10,2022,25.7,11.8,79.2,18.1,0.0,False,0.0,0
2022-10-20,10,2022,23.1,14.8,70.4,4.1,0.0,False,0.0,0
2022-10-21,10,2022,22.6,12.6,89.6,16.3,0.0,False,0.0,0
2022-10-22,10,2022,19.7,13.5,46.1,10.3,0.0,False,0.0,0
2022-10-23,10,2022,22.7,19.4,81.6,10.1,0.0,False,0.0,0
2022-10-24,10,2022,16.0,14.9,82.6,11.0,10.6,True,1.0,0
2022-10-25,10,2022,21.9,17.0,80.4,8.0,0.0,False,1.0,0
2022-10-26,10,2022,20.6,15.1,63.2,39.4,0.0,False,1.0,0
2022-10-27,10,2022,24.7,15.5,66.9,9.0,0.0,False,1.0,0
2022-10-28,10,2022,21.8,10.6,90.3,20.4,0.0,False,1.0,0
2022-10-29,10,2022,22.2,12.6,88.2,9.1,0.0,False,1.0,0
2022-10-30,10,2022,26.4,13.3,78.9,11.4,0.0,False,0.0,0
2022-10-31,10,2022,20.4,12.9,63.5,24.4,0.0,False,0.0,0
2022-11-01,11,2022,18.8,9.5,67.6,18.3,0.0,False,0.0,0
2022-11-02,11,2022,13.3,10.4,81.0,8.7,0.0,False,0.0,0
2022-11-03,11,2022,18.2,9.4,54.1,6.9,0.0,False,0.0,0
2022-11-04,11,2022,19.0,11.7,53.1,34.6,0.0,False,0.0,0
2022-11-05,11,2022,20.1,9.4,50.9,10.9,0.0,False,0.0,0
2022-11-06,11,2022,15.8,12.7,68.1,40.9,23.3,True,1.0,0
2022-11-07,11,2022,18.8,10.0,88.5,35.3,0.0,False,1.0,0
2022-11-08,11,2022,18.8,8.5,52.1,8.8,0.0,False,1.0,0
2022-11-09,11,2022,18.0,6.9,80.9,18.3,0.0,False,1.0,0
2022-11-10,11,2022,18.4,8.1,41.6,7.8,0.0,False,1.0,0
2022-11-11,11,2022,19.2,9.4,65.8,7.6,0.0,False,1.0,0
2022-11-12,11,2022,19.0,13.0,54.5,25.2,0.0,False,0.0,0
2022-11-13,11,2022,15.5,6.8,54.4,11.6,0.0,False,0.0,0
2022-11-14,11,2022,15.0,12.6,60.0,41.8,7.8,True,1.0,0
2022-11-15,11,2022,24.3,9.8,67.3,32.0,21.1,True,2.0,0
2022-11-16,11,2022,22.8,7.9,79.4,7.2,0.0,False,2.0,0
2022-11-17,11,2022,14.5,6.7,89.0,14.9,0.0,False,2.0,0
2022-11-18,11,2022,19.1,11.4,47.7,7.9,13.4,True,3.0,0
2022-11-19,11,2022,19.6,5.2,60.1,20.0,0.0,False,3.0,0
2022-11-20,11,2022,19.9,8.8,48.3,8.8,0.0,False,2.0,0
2022-11-21,11,2022,18.4,8.9,82.7,31.6,0.0,False,1.0,0
2022-11-22,11,2022,15.7,9.6,44.3,11.3,14.5,True,2.0,0
2022-11-23,11,2022,17.5,11.5,83.7,18.5,0.0,False,2.0,0
2022-11-24,11,2022,16.8,8.5,77.8,29.0,0.0,False,1.0,0
2022-11-25,11,2022,18.3,10.3,83.8,19.5,0.0,False,1.0,0
2022-11-26,11,2022,17.3,7.0,85.4,19.1,0.0,False,1.0,0
2022-11-27,11,2022,17.7,10.1,47.7,32.9,21.8,True,2.0,0
2022-11-28,11,2022,20.5,11.5,68.4,10.9,0.0,False,1.0,0
2022-11-29,11,2022,21.1,9.1,55.4,8.0,0.0,False,1.0,0
2022-11-30,11,2022,15.0,10.9,53.8,20.2,0.0,False,1.0,0
2022-12-01,12,2022,14.9,7.3,40.8,8.0,0.0,False,1.0,0
2022-12-02,12,2022,14.0,6.1,66.3,13.2,0.0,False,1.0,0
2022-12-03,12,2022,19.1,6.8,41.0,13.1,17.5,True,1.0,0
2022-12-04,12,2022,15.9,6.5,85.8,39.8,0.0,False,1.0,0
2022-12-05,12,2022,19.6,2.1,53.6,14.5,0.0,False,1.0,0
2022-12-06,12,2022,14.8,3.3,65.2,17.2,0.0,False,1.0,0
2022-12-07,12,2022,16.1,8.1,72.5,39.7,0.0,False,1.0,0
2022-12-08,12,2022,12.6,1.8,40.1,31.4,4.8,True,2.0,0
2022-12-09,12,2022,19.3,9.9,45.8,24.3,0.0,False,1.0,0
2022-12-10,12,2022,15.1,3.5,63.8,11.5,0.0,False,1.0,0
2022-12-11,12,2022,12.3,7.1,71.8,8.1,0.0,False,1.0,0
2022-12-12,12,2022,14.5,8.2,81.8,13.3,0.0,False,1.0,0
2022-12-13,12,2022,10.2,5.4,61.2,8.8,0.0,False,1.0,0
2022-12-14,12,2022,15.9,9.9,87.3,41.1,0.0,False,0.0,0
2022-12-15,12,2022,16.3,3.6,70.5,9.8,0.0,False,0.0,0
2022-12-16,12,2022,16.7,9.3,40.1,12.7,0.0,False,0.0,0
2022-12-17,12,2022,19.7,7.4,74.7,23.8,17.4,True,1.0,1
2022-12-18,12,2022,15.2,6.6,50.9,16.3,0.0,False,1.0,0
2022-12-19,12,2022,18.0,9.5,40.8,21.2,0.0,False,1.0,0
2022-12-20,12,2022,16.8,8.3,77.5,32.5,16.4,True,2.0,0
2022-12-21,12,2022,15.5,4.0,68.1,21.1,0.0,False,2.0,0
2022-12-22,12,2022,10.8,10.5,80.0,18.1,0.0,False,2.0,0
2022-12-23,12,2022,18.4,9.5,44.5,31.8,0.0,False,1.0,0
2022-12-24,12,2022,14.7,7.3,58.1,29.8,0.0,False,1.0,0
2022-12-25,12,2022,16.0,7.4,55.3,43.8,0.0,False,1.0,0
2022-12-26,12,2022,12.8,10.3,69.0,39.8,0.0,False,0.0,0
2022-12-27,12,2022,16.7,11.1,66.0,37.1,0.0,False,0.0,0
2022-12-28,12,2022,16.3,8.5,79.9,18.0,0.0,False,0.0,0
2022-12-29,12,2022,16.1,4.1,49.5,27.0,0.0,False,0.0,0
2022-12-30,12,2022,15.7,7.3,69.4,21.6,0.0,False,0.0,0
2022-12-31,12,2022,18.6,9.1,72.9,27.0,0.0,False,0.0,0
2023-01-01,1,2023,16.4,2.9,63.5,14.5,0.0,False,0.0,0
2023-01-02,1,2023,15.8,2.0,68.5,36.6,0.0,False,0.0,0
2023-01-03,1,2023,22.3,5.0,89.7,33.9,21.8,True,1.0,0
2023-01-04,1,2023,12.5,5.3,78.3,25.6,17.5,True,2.0,0
2023-01-05,1,2023,13.1,5.9,59.4,11.4,21.3,True,3.0,0
2023-01-06,1,2023,11.5,8.1,62.1,18.2,0.0,False,3.0,0
2023-01-07,1,2023,15.1,-0.5,76.4,10.2,0.0,False,3.0,0
2023-01-08,1,2023,12.3,5.2,44.8,7.4,25.1,True,4.0,0
2023-01-09,1,2023,7.3,4.5,72.5,20.8,0.0,False,3.0,0
2023-01-10,1,2023,11.0,5.0,45.8,17.6,17.6,True,3.0,0
2023-01-11,1,2023,14.2,5.4,45.2,11.0,30.1,True,3.0,0
2023-01-12,1,2023,16.5,7.6,74.0,16.6,18.0,True,4.0,0
2023-01-13,1,2023,10.1,6.4,48.5,8.3,20.6,True,5.0,0
2023-01-14,1,2023,12.5,4.9,79.0,18.9,0.0,False,4.0,0
2023-01-15,1,2023,13.7,5.2,78.3,42.3,0.0,False,4.0,0
2023-01-16,1,2023,12.2,5.3,55.9,31.1,0.0,False,3.0,0
2023-01-17,1,2023,15.3,4.7,69.1,3.9,0.0,False,2.0,0
2023-01-18,1,2023,14.0,8.3,72.9,7.2,0.0,False,1.0,0
2023-01-19,1,2023,14.8,0.2,81.4,5.2,0.0,False,0.0,0
2023-01-20,1,2023,12.2,1.5,50.3,12.6,0.0,False,0.0,0
2023-01-21,1,2023,17.8,9.0,74.5,43.7,0.0,False,0.0,0
2023-01-22,1,2023,14.0,6.4,82.0,17.0,0.0,False,0.0,0
2023-01-23,1,2023,17.2,6.6,61.1,15.5,25.6,True,1.0,0
2023-01-24,1,2023,12.9,7.9,65.2,15.4,23.1,True,2.0,1
2023-01-25,1,2023,15.5,-0.0,66.2,31.2,0.0,False,2.0,0
2023-01-26,1,2023,12.3,8.6,87.9,20.9,0.0,False,2.0,0
2023-01-27,1,2023,11.6,2.1,42.6,7.8,0.0,False,2.0,0
2023-01-28,1,2023,12.2,2.5,69.1,16.5,22.0,True,3.0,0
2023-01-29,1,2023,13.9,7.6,65.0,8.5,0.0,False,2.0,0
2023-01-30,1,2023,13.5,2.1,57.5,24.0,18.7,True,2.0,0
2023-01-31,1,2023,17.8,6.3,74.2,7.9,0.0,False,2.0,0
2023-02-01,2,2023,12.1,9.6,79.2,7.0,0.0,False,2.0,0
2023-02-02,2,2023,12.3,4.4,67.5,25.5,25.0,True,3.0,0
2023-02-03,2,2023,19.3,4.5,42.1,15.5,0.0,False,2.0,0
2023-02-04,2,2023,16.5,7.7,52.0,47.2,0.1,False,2.0,0
2023-02-05,2,2023,10.3,8.2,41.0,19.3,0.0,False,1.0,0
2023-02-06,2,2023,16.2,6.9,56.7,28.9,0.0,False,1.0,0
2023-02-07,2,2023,15.6,2.0,63.9,33.7,0.0,False,1.0,0
2023-02-08,2,2023,9.6,10.0,80.0,29.8,0.0,False,0.0,0
2023-02-09,2,2023,14.1,7.6,67.1,10.1,0.0,False,0.0,0
2023-02-10,2,2023,15.0,0.1,64.3,24.6,0.0,False,0.0,0
2023-02-11,2,2023,16.8,3.8,75.6,3.9,0.0,False,0.0,0
2023-02-12,2,2023,17.4,3.3,40.9,29.7,0.0,False,0.0,0
2023-02-13,2,2023,15.2,4.1,75.4,10.2,0.0,False,0.0,0
2023-02-14,2,2023,17.6,6.6,55.9,44.8,29.6,True,1.0,0
2023-02-15,2,2023,14.6,4.2,68.5,39.4,0.0,False,1.0,0
2023-02-16,2,2023,12.9,9.1,70.9,21.0,0.0,False,1.0,0
2023-02-17,2,2023,12.7,8.8,49.3,8.8,0.0,False,1.0,0
2023-02-18,2,2023,16.4,6.2,52.8,25.5,3.7,True,2.0,0
2023-02-19,2,2023,10.1,3.4,69.5,15.7,0.0,False,2.0,0
2023-02-20,2,2023,16.7,6.0,53.4,17.2,0.0,False,1.0,0
2023-02-21,2,2023,12.2,7.0,52.2,12.5,0.0,False,1.0,0
2023-02-22,2,2023,14.1,8.9,58.3,33.7,0.0,False,1.0,0
2023-02-23,2,2023,16.3,4.8,86.1,17.3,0.0,False,1.0,0
2023-02-24,2,2023,18.0,6.2,84.3,30.2,0.0,False,0.0,0
2023-02-25,2,2023,10.1,3.5,66.2,30.2,0.0,False,0.0,0
2023-02-26,2,2023,13.0,4.8,42.6,20.1,0.0,False,0.0,0
2023-02-27,2,2023,15.1,8.9,80.8,14.8,0.0,False,0.0,0
2023-02-28,2,2023,13.5,10.0,49.2,24.9,0.0,False,0.0,0
2023-03-01,3,2023,19.2,6.1,74.1,24.6,0.0,False,0.0,0
2023-03-02,3,2023,11.8,6.3,82.6,9.3,0.0,False,0.0,0
2023-03-03,3,2023,17.9,5.1,89.2,28.2,0.0,False,0.0,0
2023-03-04,3,2023,18.1,3.2,46.5,8.9,0.0,False,0.0,0
2023-03-05,3,2023,17.1,7.9,66.7,13.0,0.0,False,0.0,0
2023-03-06,3,2023,19.8,8.2,83.4,33.8,0.0,False,0.0,0
2023-03-07,3,2023,13.9,8.5,67.4,20.6,0.0,False,0.0,0
2023-03-08,3,2023,19.8,7.1,77.2,11.2,0.0,False,0.0,0
2023-03-09,3,2023,15.2,8.3,80.1,37.6,0.0,False,0.0,0
2023-03-10,3,2023,18.8,7.4,82.7,23.8,0.0,False,0.0,0
2023-03-11,3,2023,16.2,10.1,74.0,20.0,0.0,False,0.0,0
2023-03-12,3,2023,19.0,7.9,85.8,46.3,30.7,True,1.0,0
2023-03-13,3,2023,19.0,10.6,73.0,32.3,0.0,False,1.0,0
2023-03-14,3,2023,13.3,9.7,88.2,24.5,0.0,False,1.0,0
2023-03-15,3,2023,16.6,7.9,72.1,6.9,7.6,True,2.0,0
2023-03-16,3,2023,16.8,3.9,84.5,14.2,0.0,False,2.0,0
2023-03-17,3,2023,16.4,8.3,70.4,18.3,0.0,False,2.0,0
2023-03-18,3,2023,15.1,7.8,57.6,22.2,0.0,False,1.0,0
2023-03-19,3,2023,21.6,11.8,81.5,23.0,25.5,True,2.0,0
2023-03-20,3,2023,17.5,8.9,62.1,26.4,0.0,False,2.0,0
2023-03-21,3,2023,20.9,4.2,46.5,36.5,28.9,True,2.0,0
2023-03-22,3,2023,15.6,5.0,89.4,20.5,0.0,False,2.0,0
2023-03-23,3,2023,14.3,9.4,83.5,43.7,0.0,False,2.0,0
2023-03-24,3,2023,17.3,6.5,68.6,7.7,7.5,True,3.0,0
2023-03-25,3,2023,15.6,4.0,74.2,17.1,0.0,False,2.0,0
2023-03-26,3,2023,23.0,8.2,90.9,7.4,0.0,False,2.0,0
2023-03-27,3,2023,17.6,8.2,48.2,27.2,0.0,False,1.0,0
2023-03-28,3,2023,19.9,6.7,67.3,30.2,0.0,False,1.0,0
2023-03-29,3,2023,16.4,9.2,59.9,19.0,0.0,False,1.0,0
2023-03-30,3,2023,16.2,6.7,67.6,16.1,0.0,False,0.0,0
2023-03-31,3,2023,16.9,11.7,45.3,6.5,0.0,False,0.0,0
2023-04-01,4,2023,20.9,7.3,62.5,20.3,0.0,False,0.0,0
2023-04-02,4,2023,22.1,12.3,63.5,11.2,0.0,False,0.0,0
2023-04-03,4,2023,19.7,12.5,70.4,6.9,0.0,False,0.0,0
2023-04-04,4,2023,18.3,13.2,73.8,26.8,23.2,True,1.0,0
2023-04-05,4,2023,17.3,9.7,70.1,27.2,29.7,True,2.0,0
2023-04-06,4,2023,19.8,9.0,77.2,14.3,0.0,False,2.0,0
2023-04-07,4,2023,21.4,14.4,69.6,9.4,0.0,False,2.0,0
2023-04-08,4,2023,21.1,11.4,62.6,18.6,28.9,True,3.0,0
2023-04-09,4,2023,20.0,8.5,65.3,7.2,0.0,False,3.0,0
2023-04-10,4,2023,18.5,12.1,61.9,28.8,0.0,False,2.0,0
2023-04-11,4,2023,20.4,14.0,50.7,17.5,0.0,False,1.0,0
2023-04-12,4,2023,21.4,11.7,51.6,41.1,0.0,False,1.0,0
2023-04-13,4,2023,19.9,8.2,63.3,7.6,0.0,False,1.0,0
2023-04-14,4,2023,20.3,12.4,62.1,25.3,7.7,True,1.0,0
2023-04-15,4,2023,19.6,6.2,79.7,30.1,0.0,False,1.0,0
2023-04-16,4,2023,22.3,11.9,61.5,26.5,22.4,True,2.0,0
2023-04-17,4,2023,18.9,12.4,74.3,17.0,0.0,False,2.0,0
2023-04-18,4,2023,20.5,9.4,48.5,19.7,0.0,False,2.0,0
2023-04-19,4,2023,21.0,10.7,82.0,22.1,0.0,False,2.0,0
2023-04-20,4,2023,21.8,10.4,75.0,6.3,0.0,False,1.0,0
2023-04-21,4,2023,23.7,8.7,80.2,47.0,0.0,False,1.0,0
2023-04-22,4,2023,21.7,7.9,58.3,11.2,0.0,False,0.0,0
2023-04-23,4,2023,21.5,9.3,73.8,23.2,0.0,False,0.0,0
2023-04-24,4,2023,16.3,8.4,51.1,8.0,0.0,False,0.0,0
2023-04-25,4,2023,21.5,13.8,51.3,9.0,0.0,False,0.0,0
2023-04-26,4,2023,25.7,6.6,52.4,17.9,0.0,False,0.0,0
2023-04-27,4,2023,17.9,14.5,53.5,12.1,0.0,False,0.0,0
2023-04-28,4,2023,17.5,9.4,60.8,18.3,0.0,False,0.0,0
2023-04-29,4,2023,19.5,8.1,82.3,7.4,0.0,False,0.0,0
2023-04-30,4,2023,22.6,8.6,88.3,15.7,0.0,False,0.0,0
2023-05-01,5,2023,26.3,11.4,72.3,11.6,0.0,False,0.0,0
2023-05-02,5,2023,23.8,8.9,46.9,20.9,0.0,False,0.0,0
2023-05-03,5,2023,24.9,16.0,61.4,9.1,0.0,False,0.0,0
2023-05-04,5,2023,27.6,13.6,87.7,41.3,0.0,False,0.0,0
2023-05-05,5,2023,26.7,11.9,56.3,19.6,0.0,False,0.0,0
2023-05-06,5,2023,31.1,10.7,71.6,25.5,0.0,False,0.0,0
2023-05-07,5,2023,27.5,12.6,87.7,38.3,0.0,False,0.0,0
2023-05-08,5,2023,25.9,10.9,63.5,13.6,0.0,False,0.0,0
2023-05-09,5,2023,26.5,17.2,65.5,18.7,0.0,False,0.0,0
2023-05-10,5,2023,24.1,9.3,86.9,29.2,0.0,False,0.0,0
2023-05-11,5,2023,22.6,11.6,87.4,6.6,0.0,False,0.0,0
2023-05-12,5,2023,25.4,11.8,86.1,27.7,0.0,False,0.0,0
2023-05-13,5,2023,26.2,15.2,66.2,7.8,4.0,True,1.0,0
2023-05-14,5,2023,21.5,14.6,72.6,14.9,0.0,False,1.0,0
2023-05-15,5,2023,23.7,13.6,70.0,25.3,0.0,False,1.0,0
2023-05-16,5,2023,24.1,13.6,48.1,6.4,0.0,False,1.0,0
2023-05-17,5,2023,25.7,15.0,71.8,24.0,0.0,False,1.0,0
2023-05-18,5,2023,24.3,12.0,56.3,42.5,0.0,False,1.0,0
2023-05-19,5,2023,26.1,15.2,46.7,11.1,0.0,False,0.0,0
2023-05-20,5,2023,25.2,10.7,51.0,11.3,0.0,False,0.0,0
2023-05-21,5,2023,27.7,15.4,56.0,7.0,0.0,False,0.0,0
2023-05-22,5,2023,20.7,12.7,88.5,7.2,0.0,False,0.0,0
2023-05-23,5,2023,29.1,16.8,90.5,12.8,0.0,False,0.0,0
2023-05-24,5,2023,28.5,10.9,84.2,31.6,0.0,False,0.0,0
2023-05-25,5,2023,25.1,12.9,63.6,18.6,0.0,False,0.0,0
2023-05-26,5,2023,26.6,11.9,63.7,14.8,0.0,False,0.0,0
2023-05-27,5,2023,26.5,16.4,79.0,9.4,0.0,False,0.0,0
2023-05-28,5,2023,23.2,10.5,45.0,43.0,0.0,False,0.0,0
2023-05-29,5,2023,25.4,16.2,90.7,27.1,0.0,False,0.0,0
2023-05-30,5,2023,26.9,15.2,75.3,13.5,0.0,False,0.0,0
2023-05-31,5,2023,25.8,15.4,55.3,37.5,0.0,False,0.0,0
2023-06-01,6,2023,31.6,16.3,86.4,21.1,0.0,False,0.0,0
2023-06-02,6,2023,29.2,19.2,68.2,11.5,0.0,False,0.0,0
2023-06-03,6,2023,29.2,22.4,44.3,17.6,0.0,False,0.0,0
2023-06-04,6,2023,27.1,16.3,45.5,16.2,0.0,False,0.0,0
2023-06-05,6,2023,28.1,18.6,41.6,12.5,0.0,False,0.0,0
2023-06-06,6,2023,27.9,17.3,51.0,23.7,0.0,False,0.0,0
2023-06-07,6,2023,33.3,15.2,42.6,29.5,0.0,False,0.0,0
2023-06-08,6,2023,29.6,15.9,66.0,13.8,0.0,False,0.0,0
2023-06-09,6,2023,26.5,19.3,44.2,16.3,0.0,False,0.0,0
2023-06-10,6,2023,30.0,17.9,62.6,41.4,0.0,False,0.0,0
2023-06-11,6,2023,28.5,11.9,52.0,11.3,0.0,False,0.0,0
2023-06-12,6,2023,21.4,19.3,68.5,26.2,0.0,False,0.0,0
2023-06-13,6,2023,30.2,17.2,62.4,32.7,0.0,False,0.0,0
2023-06-14,6,2023,25.1,20.3,82.7,27.2,0.0,False,0.0,0
2023-06-15,6,2023,30.4,16.4,57.2,10.2,0.0,False,0.0,0
2023-06-16,6,2023,26.6,23.8,51.7,16.2,0.0,False,0.0,0
2023-06-17,6,2023,25.4,15.6,87.9,21.9,0.0,False,0.0,0
2023-06-18,6,2023,30.2,19.9,63.8,21.3,0.0,False,0.0,0
2023-06-19,6,2023,25.3,15.3,41.4,40.1,0.0,False,0.0,0
2023-06-20,6,2023,27.9,18.5,44.1,14.0,0.0,False,0.0,0
2023-06-21,6,2023,29.5,15.1,68.3,19.2,0.0,False,0.0,0
2023-06-22,6,2023,30.5,21.1,50.7,15.1,0.0,False,0.0,0
2023-06-23,6,2023,30.9,17.9,47.6,22.1,0.0,False,0.0,0
2023-06-24,6,2023,28.9,21.7,50.0,17.1,0.0,False,0.0,0
2023-06-25,6,2023,26.9,17.8,78.0,40.5,0.0,False,0.0,0
2023-06-26,6,2023,33.8,13.9,88.4,25.7,0.0,False,0.0,0
2023-06-27,6,2023,27.5,15.9,46.6,18.2,0.0,False,0.0,0
2023-06-28,6,2023,33.5,17.0,84.9,18.0,0.0,False,0.0,0
2023-06-29,6,2023,27.9,21.5,76.3,11.0,0.0,False,0.0,0
2023-06-30,6,2023,31.9,24.8,68.4,10.2,0.0,False,0.0,0
2023-07-01,7,2023,35.7,19.7,43.4,14.7,0.0,False,0.0,0
2023-07-02,7,2023,30.4,20.8,80.2,11.6,0.0,False,0.0,0
2023-07-03,7,2023,33.9,23.1,81.4,12.3,0.0,False,0.0,0
2023-07-04,7,2023,34.9,17.1,78.5,10.2,0.0,False,0.0,0
2023-07-05,7,2023,34.8,19.2,68.1,16.1,0.0,False,0.0,0
2023-07-06,7,2023,32.5,21.7,72.2,10.7,0.0,False,0.0,0
2023-07-07,7,2023,33.8,20.9,62.3,16.0,0.0,False,0.0,0
2023-07-08,7,2023,32.0,19.8,55.7,27.0,0.0,False,0.0,0
2023-07-09,7,2023,30.1,17.6,50.6,9.5,0.0,False,0.0,0
2023-07-10,7,2023,35.5,20.3,79.3,43.7,0.0,False,0.0,0
2023-07-11,7,2023,31.6,21.8,87.7,11.1,0.0,False,0.0,0
2023-07-12,7,2023,36.4,18.2,71.7,7.2,0.0,False,0.0,0
2023-07-13,7,2023,34.5,20.2,67.2,23.9,0.0,False,0.0,0
2023-07-14,7,2023,30.8,25.2,85.0,7.9,0.0,False,0.0,0
2023-07-15,7,2023,32.6,21.2,42.3,16.9,0.0,False,0.0,0
2023-07-16,7,2023,32.3,21.5,55.4,20.0,0.0,False,0.0,0
2023-07-17,7,2023,30.8,17.4,59.5,36.7,0.0,False,0.0,0
2023-07-18,7,2023,34.3,18.6,41.6,32.1,0.0,False,0.0,0
2023-07-19,7,2023,31.8,19.2,66.5,17.5,0.0,False,0.0,0
2023-07-20,7,2023,37.1,17.9,88.0,34.5,0.0,False,0.0,0
2023-07-21,7,2023,35.2,17.0,80.7,30.6,0.0,False,0.0,0
2023-07-22,7,2023,30.8,16.1,67.3,9.7,0.0,False,0.0,0
2023-07-23,7,2023,33.0,19.5,74.5,24.3,0.0,False,0.0,0
2023-07-24,7,2023,32.4,22.1,80.0,26.2,6.5,True,1.0,0
2023-07-25,7,2023,29.1,21.5,53.3,23.5,0.0,False,1.0,0
2023-07-26,7,2023,35.3,21.7,54.1,15.3,0.0,False,1.0,0
2023-07-27,7,2023,35.4,22.3,70.9,5.9,0.0,False,1.0,0
2023-07-28,7,2023,35.3,17.9,74.4,14.6,0.0,False,1.0,0
2023-07-29,7,2023,31.9,18.3,40.2,5.5,0.0,False,1.0,0
2023-07-30,7,2023,35.7,19.4,83.6,10.9,0.0,False,0.0,0
2023-07-31,7,2023,32.5,17.8,47.4,32.2,0.0,False,0.0,0
2023-08-01,8,2023,34.3,21.6,66.1,17.4,0.0,False,0.0,0
2023-08-02,8,2023,36.5,19.3,68.7,9.7,0.0,False,0.0,0
2023-08-03,8,2023,32.4,23.8,40.4,38.4,0.0,False,0.0,0
2023-08-04,8,2023,28.5,18.8,61.9,9.2,0.0,False,0.0,0
2023-08-05,8,2023,31.2,22.4,67.2,25.8,0.0,False,0.0,0
2023-08-06,8,2023,33.6,25.2,75.2,11.1,0.0,False,0.0,0
2023-08-07,8,2023,35.0,18.0,86.1,8.0,0.0,False,0.0,0
2023-08-08,8,2023,29.2,19.6,43.5,15.9,0.0,False,0.0,0
2023-08-09,8,2023,31.5,19.1,54.4,12.6,0.0,False,0.0,0
2023-08-10,8,2023,32.6,18.3,66.9,20.1,0.0,False,0.0,0
2023-08-11,8,2023,33.1,21.7,54.8,4.0,0.0,False,0.0,0
2023-08-12,8,2023,34.3,22.3,61.4,15.2,0.0,False,0.0,0
2023-08-13,8,2023,29.6,19.2,90.1,13.0,0.0,False,0.0,0
2023-08-14,8,2023,30.9,19.7,42.9,10.0,0.0,False,0.0,0
2023-08-15,8,2023,34.5,21.6,87.4,28.2,0.0,False,0.0,0
2023-08-16,8,2023,33.0,21.8,74.1,10.2,0.0,False,0.0,0
2023-08-17,8,2023,33.1,18.2,65.4,14.2,0.0,False,0.0,0
2023-08-18,8,2023,34.8,26.8,63.7,6.4,0.0,False,0.0,0
2023-08-19,8,2023,32.3,20.4,68.5,29.8,0.0,False,0.0,0
2023-08-20,8,2023,33.3,21.2,54.9,33.0,0.0,False,0.0,0
2023-08-21,8,2023,31.2,19.4,48.8,43.5,0.0,False,0.0,0
2023-08-22,8,2023,28.6,20.4,71.6,40.0,0.0,False,0.0,0
2023-08-23,8,2023,28.8,18.7,90.4,17.8,0.0,False,0.0,0
2023-08-24,8,2023,32.2,25.1,66.3,12.3,0.0,False,0.0,0
2023-08-25,8,2023,31.5,16.4,74.2,25.1,0.0,False,0.0,0
2023-08-26,8,2023,30.4,20.5,66.5,26.4,0.0,False,0.0,0
2023-08-27,8,2023,32.8,22.7,50.2,33.7,0.0,False,0.0,0
2023-08-28,8,2023,29.8,17.0,69.5,9.9,0.0,False,0.0,0
2023-08-29,8,2023,32.3,22.2,88.9,15.1,0.0,False,0.0,0
2023-08-30,8,2023,32.0,24.3,75.3,29.3,0.0,False,0.0,0
2023-08-31,8,2023,29.9,21.7,41.4,10.4,0.0,False,0.0,0
2023-09-01,9,2023,21.3,17.0,58.5,17.7,0.0,False,0.0,0
2023-09-02,9,2023,30.6,16.9,72.3,29.0,0.0,False,0.0,0
2023-09-03,9,2023,27.8,16.3,68.9,21.7,0.0,False,0.0,0
2023-09-04,9,2023,20.3,18.5,46.2,9.8,0.0,False,0.0,0
2023-09-05,9,2023,25.9,14.8,87.8,18.0,0.0,False,0.0,0
2023-09-06,9,2023,28.0,17.8,60.1,43.7,0.0,False,0.0,0
2023-09-07,9,2023,26.4,16.2,77.2,9.6,0.0,False,0.0,0
2023-09-08,9,2023,28.5,15.5,80.1,10.9,0.0,False,0.0,0
2023-09-09,9,2023,24.6,14.1,50.9,15.6,0.0,False,0.0,0
2023-09-10,9,2023,27.4,18.7,73.8,29.6,27.8,True,1.0,0
2023-09-11,9,2023,26.9,15.5,66.7,33.2,0.0,False,1.0,0
2023-09-12,9,2023,26.5,19.7,49.1,28.4,0.0,False,1.0,0
2023-09-13,9,2023,26.4,16.9,76.6,15.8,0.0,False,1.0,0
2023-09-14,9,2023,27.5,17.0,67.6,11.4,0.0,False,1.0,0
2023-09-15,9,2023,29.3,14.3,50.9,21.3,0.0,False,1.0,0
2023-09-16,9,2023,25.7,14.5,61.3,20.1,0.0,False,0.0,0
2023-09-17,9,2023,26.0,18.4,74.7,13.0,0.0,False,0.0,0
2023-09-18,9,2023,27.4,16.8,90.7,10.9,0.0,False,0.0,0
2023-09-19,9,2023,26.7,17.1,68.0,22.6,7.3,True,1.0,0
2023-09-20,9,2023,28.0,18.6,80.5,14.1,0.0,False,1.0,0
2023-09-21,9,2023,28.8,18.3,56.9,16.6,0.0,False,1.0,0
2023-09-22,9,2023,30.2,16.1,66.1,15.9,0.0,False,1.0,0
2023-09-23,9,2023,26.7,24.2,82.6,21.7,0.0,False,1.0,0
2023-09-24,9,2023,21.3,24.8,89.5,6.6,0.0,False,1.0,0
2023-09-25,9,2023,26.8,18.1,49.1,17.1,0.0,False,0.0,0
2023-09-26,9,2023,27.9,13.4,83.4,38.7,0.0,False,0.0,0
2023-09-27,9,2023,26.5,14.8,90.4,8.5,0.0,False,0.0,0
2023-09-28,9,2023,26.6,18.5,63.0,34.5,0.0,False,0.0,0
2023-09-29,9,2023,20.9,15.6,55.7,9.8,0.0,False,0.0,0
2023-09-30,9,2023,28.3,16.8,86.5,17.7,0.0,False,0.0,0
2023-10-01,10,2023,22.2,9.0,51.2,17.9,0.0,False,0.0,0
2023-10-02,10,2023,19.2,15.1,90.4,10.7,27.8,True,1.0,0
2023-10-03,10,2023,20.8,17.0,60.5,21.4,0.0,False,1.0,0
2023-10-04,10,2023,20.8,11.0,44.7,31.9,0.0,False,1.0,0
2023-10-05,10,2023,24.5,13.1,47.0,10.9,19.1,True,2.0,0
2023-10-06,10,2023,24.4,13.1,64.3,18.4,0.0,False,2.0,0
2023-10-07,10,2023,26.8,7.8,43.1,17.2,0.0,False,2.0,0
2023-10-08,10,2023,24.6,12.8,52.8,30.1,0.0,False,1.0,0
2023-10-09,10,2023,19.6,12.6,80.5,17.8,0.0,False,1.0,0
2023-10-10,10,2023,19.5,10.5,80.1,6.0,0.0,False,1.0,0
2023-10-11,10,2023,25.8,11.8,81.4,12.4,0.0,False,0.0,0
2023-10-12,10,2023,26.9,14.6,42.4,26.3,0.0,False,0.0,0
2023-10-13,10,2023,22.4,14.9,79.1,19.5,0.0,False,0.0,0
2023-10-14,10,2023,24.4,14.8,81.1,25.9,0.0,False,0.0,0
2023-10-15,10,2023,19.2,12.6,40.8,35.1,0.0,False,0.0,0
2023-10-16,10,2023,18.1,11.9,60.0,5.6,0.0,False,0.0,0
2023-10-17,10,2023,20.1,14.4,84.1,8.8,0.0,False,0.0,0
2023-10-18,10,2023,22.1,13.0,88.9,9.9,0.0,False,0.0,0
2023-10-19,10,2023,21.7,16.6,86.9,19.8,0.0,False,0.0,0
2023-10-20,10,2023,22.4,16.9,67.9,24.9,0.0,False,0.0,0
2023-10-21,10,2023,21.8,12.8,55.8,13.5,0.0,False,0.0,0
2023-10-22,10,2023,24.7,9.9,70.1,33.8,0.0,False,0.0,0
2023-10-23,10,2023,26.6,14.5,70.4,34.4,0.0,False,0.0,0
2023-10-24,10,2023,23.1,12.3,73.9,9.5,0.0,False,0.0,0
2023-10-25,10,2023,28.1,16.1,70.1,19.2,0.0,False,0.0,0
2023-10-26,10,2023,21.4,15.8,84.3,45.4,0.0,False,0.0,0
2023-10-27,10,2023,21.7,11.4,59.1,6.3,0.0,False,0.0,0
2023-10-28,10,2023,24.0,16.6,52.4,7.0,0.0,False,0.0,0
2023-10-29,10,2023,22.1,17.5,41.0,15.7,0.0,False,0.0,0
2023-10-30,10,2023,25.9,15.0,51.9,32.9,0.0,False,0.0,0
2023-10-31,10,2023,21.4,15.5,48.2,15.1,0.0,False,0.0,0
2023-11-01,11,2023,21.3,8.7,52.1,4.4,0.0,False,0.0,0
2023-11-02,11,2023,18.5,7.9,84.9,23.2,0.0,False,0.0,0
2023-11-03,11,2023,24.4,13.1,77.3,12.2,0.0,False,0.0,0
2023-11-04,11,2023,16.8,10.6,52.4,8.6,0.0,False,0.0,0
2023-11-05,11,2023,17.5,9.8,80.4,7.5,0.0,False,0.0,0
2023-11-06,11,2023,18.4,9.8,67.8,33.7,0.0,False,0.0,0
2023-11-07,11,2023,12.5,11.9,60.7,3.8,0.0,False,0.0,0
2023-11-08,11,2023,19.5,9.5,50.5,18.8,0.0,False,0.0,0
2023-11-09,11,2023,19.2,8.8,55.8,19.9,23.7,True,1.0,0
2023-11-10,11,2023,18.3,9.2,44.0,7.7,0.0,False,1.0,0
2023-11-11,11,2023,14.1,9.6,51.9,9.8,0.0,False,1.0,0
2023-11-12,11,2023,14.1,8.8,74.0,33.3,0.0,False,1.0,0
2023-11-13,11,2023,19.5,10.2,57.9,7.8,0.0,False,1.0,0
2023-11-14,11,2023,20.9,8.8,81.8,31.2,0.0,False,1.0,0
2023-11-15,11,2023,22.0,8.9,73.7,9.6,0.0,False,0.0,0
2023-11-16,11,2023,15.8,15.0,71.8,47.0,0.0,False,0.0,0
2023-11-17,11,2023,15.4,10.0,61.4,17.3,0.0,False,0.0,0
2023-11-18,11,2023,17.3,14.3,72.9,19.8,10.6,True,1.0,0
2023-11-19,11,2023,13.1,7.5,84.6,6.9,0.0,False,1.0,0
2023-11-20,11,2023,16.5,11.9,55.9,6.1,0.0,False,1.0,0
2023-11-21,11,2023,20.1,10.0,57.5,10.0,0.0,False,1.0,0
2023-11-22,11,2023,22.1,14.2,83.3,8.8,3.1,True,2.0,0
2023-11-23,11,2023,18.7,8.8,67.0,16.7,14.1,True,3.0,0
2023-11-24,11,2023,22.1,14.5,87.1,22.7,0.0,False,2.0,0
2023-11-25,11,2023,19.0,8.5,49.6,26.5,0.0,False,2.0,0
2023-11-26,11,2023,18.5,10.0,51.0,16.8,0.0,False,2.0,0
2023-11-27,11,2023,17.6,7.1,84.0,14.5,0.0,False,2.0,0
2023-11-28,11,2023,18.5,9.9,45.1,6.5,4.2,True,2.0,0
2023-11-29,11,2023,17.4,9.5,64.1,19.5,0.0,False,1.0,0
2023-11-30,11,2023,17.6,7.2,82.8,16.7,0.0,False,1.0,0
2023-12-01,12,2023,14.3,2.4,75.4,15.2,0.0,False,1.0,0
2023-12-02,12,2023,16.6,9.2,63.6,6.7,0.0,False,1.0,0
2023-12-03,12,2023,16.0,8.2,48.4,9.6,26.3,True,2.0,0
2023-12-04,12,2023,12.3,5.3,68.1,21.9,0.0,False,1.0,0
2023-12-05,12,2023,15.4,6.7,90.4,36.9,0.0,False,1.0,0
2023-12-06,12,2023,13.9,5.2,81.1,22.7,0.0,False,1.0,0
2023-12-07,12,2023,10.9,6.7,42.8,20.8,0.0,False,1.0,0
2023-12-08,12,2023,17.2,7.6,76.3,13.5,0.0,False,1.0,0
2023-12-09,12,2023,19.9,7.9,89.8,8.2,21.0,True,1.0,0
2023-12-10,12,2023,21.9,5.7,49.9,18.5,0.0,False,1.0,0
2023-12-11,12,2023,19.9,6.5,88.8,23.3,0.0,False,1.0,0
2023-12-12,12,2023,13.8,8.3,51.9,41.9,0.0,False,1.0,0
2023-12-13,12,2023,18.9,5.4,81.8,28.1,0.0,False,1.0,0
2023-12-14,12,2023,18.8,5.6,47.6,9.4,0.0,False,1.0,0
2023-12-15,12,2023,11.0,7.2,66.2,10.8,0.0,False,0.0,0
2023-12-16,12,2023,18.2,8.2,58.6,40.7,0.0,False,0.0,0
2023-12-17,12,2023,17.6,5.9,74.2,27.9,2.7,True,1.0,0
2023-12-18,12,2023,16.4,9.0,49.1,9.6,0.0,False,1.0,0
2023-12-19,12,2023,16.7,6.8,69.6,25.5,27.1,True,2.0,0
2023-12-20,12,2023,16.1,5.3,40.1,31.7,26.0,True,3.0,0
2023-12-21,12,2023,20.1,7.2,61.7,16.2,0.0,False,3.0,0
2023-12-22,12,2023,15.0,3.4,66.3,4.3,0.0,False,3.0,0
2023-12-23,12,2023,15.5,2.4,82.7,24.1,0.0,False,2.0,0
2023-12-24,12,2023,16.0,7.8,78.6,6.6,0.0,False,2.0,0
2023-12-25,12,2023,16.7,2.6,44.7,10.8,0.0,False,1.0,0
2023-12-26,12,2023,11.6,5.0,71.9,7.3,13.9,True,1.0,0
2023-12-27,12,2023,19.5,9.5,73.7,33.8,0.0,False,1.0,0
2023-12-28,12,2023,16.6,7.8,77.4,31.7,0.0,False,1.0,0
2023-12-29,12,2023,17.4,4.9,68.3,10.7,15.3,True,2.0,0
2023-12-30,12,2023,16.5,7.0,45.5,27.7,0.0,False,2.0,0
2023-12-31,12,2023,15.5,3.4,72.7,18.5,0.0,False,2.0,0
2024-01-01,1,2024,13.1,2.2,74.2,15.8,0.0,False,1.0,0
2024-01-02,1,2024,14.2,4.6,52.8,10.3,0.0,False,1.0,0
2024-01-03,1,2024,14.4,6.5,88.4,10.3,13.3,True,2.0,0
2024-01-04,1,2024,16.9,4.9,63.1,7.1,0.0,False,1.0,0
2024-01-05,1,2024,14.9,4.8,84.2,11.0,0.0,False,1.0,0
2024-01-06,1,2024,13.7,3.4,73.3,21.2,27.7,True,2.0,0
2024-01-07,1,2024,19.0,5.2,71.4,34.6,0.0,False,2.0,0
2024-01-08,1,2024,10.8,7.0,68.0,8.7,10.9,True,3.0,0
2024-01-09,1,2024,10.6,7.8,73.0,11.4,0.0,False,2.0,0
2024-01-10,1,2024,14.9,5.9,83.1,22.8,0.0,False,2.0,0
2024-01-11,1,2024,13.5,5.3,79.6,7.4,0.0,False,2.0,0
2024-01-12,1,2024,9.6,5.9,74.3,18.7,30.9,True,2.0,0
2024-01-13,1,2024,13.2,6.3,41.6,16.6,0.0,False,2.0,0
2024-01-14,1,2024,12.2,3.8,40.4,6.1,0.0,False,1.0,0
2024-01-15,1,2024,16.8,4.1,58.3,28.2,0.0,False,1.0,0
2024-01-16,1,2024,12.4,3.3,41.6,7.2,0.0,False,1.0,0
2024-01-17,1,2024,16.6,3.4,66.4,13.4,0.0,False,1.0,0
2024-01-18,1,2024,15.1,9.7,40.2,20.8,0.0,False,0.0,0
2024-01-19,1,2024,13.5,7.0,64.5,32.6,0.0,False,0.0,0
2024-01-20,1,2024,14.1,3.3,59.3,11.4,0.0,False,0.0,0
2024-01-21,1,2024,15.1,5.1,88.8,30.4,24.3,True,1.0,0
2024-01-22,1,2024,8.2,5.8,42.8,16.3,0.0,False,1.0,0
2024-01-23,1,2024,14.8,4.8,43.3,31.3,0.0,False,1.0,0
2024-01-24,1,2024,13.1,2.6,83.3,37.4,10.0,True,2.0,0
2024-01-25,1,2024,18.5,8.6,80.6,16.3,21.6,True,3.0,0
2024-01-26,1,2024,12.3,2.0,87.7,11.4,0.0,False,3.0,0
2024-01-27,1,2024,16.9,7.2,44.0,17.0,0.0,False,2.0,0
2024-01-28,1,2024,7.7,5.1,71.6,7.2,0.0,False,2.0,0
2024-01-29,1,2024,16.0,3.0,66.2,23.7,0.0,False,2.0,0
2024-01-30,1,2024,14.7,4.6,56.4,22.7,0.0,False,1.0,0
2024-01-31,1,2024,13.4,0.4,71.2,18.1,0.0,False,0.0,0
2024-02-01,2,2024,14.7,6.7,86.8,17.3,0.0,False,0.0,0
2024-02-02,2,2024,14.3,7.8,43.2,8.0,0.0,False,0.0,0
2024-02-03,2,2024,16.1,4.7,73.6,13.3,0.0,False,0.0,0
2024-02-04,2,2024,14.7,6.7,54.5,11.6,0.0,False,0.0,0
2024-02-05,2,2024,10.5,-0.2,60.7,19.4,24.9,True,1.0,0
2024-02-06,2,2024,14.5,4.7,83.3,15.8,0.0,False,1.0,0
2024-02-07,2,2024,20.6,2.7,46.2,31.8,0.0,False,1.0,0
2024-02-08,2,2024,15.1,8.3,83.0,25.4,0.0,False,1.0,0
2024-02-09,2,2024,15.7,6.5,60.6,18.1,0.0,False,1.0,0
2024-02-10,2,2024,13.9,5.9,90.2,21.6,0.0,False,1.0,0
2024-02-11,2,2024,15.4,5.5,86.8,15.1,0.0,False,0.0,0
2024-02-12,2,2024,15.4,5.4,60.8,10.2,0.0,False,0.0,0
2024-02-13,2,2024,14.3,8.0,55.2,27.2,26.1,True,1.0,0
2024-02-14,2,2024,17.2,3.4,51.3,37.5,0.0,False,1.0,0
2024-02-15,2,2024,12.7,8.3,51.1,11.4,0.0,False,1.0,0
2024-02-16,2,2024,14.7,7.7,79.2,22.7,0.0,False,1.0,0
2024-02-17,2,2024,16.3,8.6,78.5,25.8,0.0,False,1.0,0
2024-02-18,2,2024,14.3,5.1,89.9,26.9,0.0,False,1.0,0
2024-02-19,2,2024,11.9,8.7,44.2,11.6,0.0,False,0.0,0
2024-02-20,2,2024,16.4,8.5,51.2,7.4,0.0,False,0.0,0
2024-02-21,2,2024,12.5,7.1,90.2,26.2,0.0,False,0.0,0
2024-02-22,2,2024,13.9,8.8,67.9,16.5,0.0,False,0.0,0
2024-02-23,2,2024,12.9,4.9,68.2,24.7,0.0,False,0.0,0
2024-02-24,2,2024,14.7,5.8,57.8,6.3,0.0,False,0.0,0
2024-02-25,2,2024,13.9,9.4,75.9,23.6,0.0,False,0.0,0
2024-02-26,2,2024,13.8,11.0,65.5,12.1,0.0,False,0.0,0
2024-02-27,2,2024,16.7,1.9,63.9,34.3,0.0,False,0.0,0
2024-02-28,2,2024,19.4,8.3,68.0,8.9,0.0,False,0.0,0
2024-02-29,2,2024,14.1,2.9,41.3,16.5,0.0,False,0.0,0
2024-03-01,3,2024,18.3,7.5,67.1,42.1,4.6,True,1.0,0
2024-03-02,3,2024,16.1,5.5,46.8,7.0,0.0,False,1.0,0
2024-03-03,3,2024,17.2,7.5,63.4,15.2,6.5,True,2.0,0
2024-03-04,3,2024,19.8,6.3,44.2,12.0,0.0,False,2.0,0
2024-03-05,3,2024,17.1,8.0,85.3,6.9,0.0,False,2.0,0
2024-03-06,3,2024,15.0,8.6,59.3,25.8,22.4,True,3.0,0
2024-03-07,3,2024,15.2,6.1,61.9,20.3,0.0,False,2.0,0
2024-03-08,3,2024,15.5,8.7,77.8,45.1,0.0,False,2.0,0
2024-03-09,3,2024,17.0,6.3,47.9,10.5,3.6,True,2.0,0
2024-03-10,3,2024,19.1,8.7,69.3,7.5,26.9,True,3.0,0
2024-03-11,3,2024,13.6,9.9,66.1,17.3,25.7,True,4.0,0
2024-03-12,3,2024,14.4,7.4,58.8,26.4,0.0,False,3.0,0
2024-03-13,3,2024,14.7,7.6,74.9,9.9,0.0,False,3.0,0
2024-03-14,3,2024,12.6,2.5,80.5,9.6,0.0,False,3.0,0
2024-03-15,3,2024,20.3,5.1,63.9,4.8,0.0,False,2.0,0
2024-03-16,3,2024,16.9,5.4,72.0,22.0,0.0,False,1.0,0
2024-03-17,3,2024,21.8,6.6,86.5,21.1,0.0,False,0.0,0
2024-03-18,3,2024,13.4,3.5,63.3,17.0,15.4,True,1.0,0
2024-03-19,3,2024,20.2,3.7,46.9,25.6,0.0,False,1.0,0
2024-03-20,3,2024,15.2,6.8,67.7,6.3,0.0,False,1.0,0
2024-03-21,3,2024,16.0,7.5,61.9,24.0,0.0,False,1.0,0
2024-03-22,3,2024,14.5,9.5,79.2,9.5,0.0,False,1.0,0
2024-03-23,3,2024,14.6,10.6,80.7,8.2,0.0,False,1.0,0
2024-03-24,3,2024,13.7,8.3,48.8,35.4,0.0,False,0.0,0
2024-03-25,3,2024,17.5,6.1,62.3,24.9,0.0,False,0.0,0
2024-03-26,3,2024,13.7,8.7,53.6,22.8,0.0,False,0.0,0
2024-03-27,3,2024,16.4,5.0,88.7,6.4,0.0,False,0.0,0
2024-03-28,3,2024,17.0,7.5,87.8,7.4,0.0,False,0.0,0
2024-03-29,3,2024,18.7,11.5,62.2,15.7,15.7,True,1.0,0
2024-03-30,3,2024,17.3,10.7,62.0,28.7,0.0,False,1.0,0
2024-03-31,3,2024,17.8,6.2,78.1,4.3,23.8,True,2.0,0
2024-04-01,4,2024,21.3,12.4,70.4,17.1,0.0,False,2.0,0
2024-04-02,4,2024,20.0,9.0,53.2,9.8,0.0,False,2.0,0
2024-04-03,4,2024,20.9,8.5,64.6,35.3,0.0,False,2.0,0
2024-04-04,4,2024,17.6,6.0,85.4,21.5,0.0,False,1.0,0
2024-04-05,4,2024,18.1,11.3,74.8,24.9,0.0,False,1.0,0
2024-04-06,4,2024,24.7,10.8,68.7,30.3,0.0,False,0.0,0
2024-04-07,4,2024,20.0,12.5,84.7,21.1,0.0,False,0.0,0
2024-04-08,4,2024,18.2,12.0,54.1,32.4,0.0,False,0.0,0
2024-04-09,4,2024,23.4,9.3,90.8,17.3,0.0,False,0.0,0
2024-04-10,4,2024,19.6,12.2,50.2,9.2,0.0,False,0.0,0
2024-04-11,4,2024,18.4,14.7,82.8,23.1,20.4,True,1.0,0
2024-04-12,4,2024,16.4,15.8,77.9,43.1,0.0,False,1.0,0
2024-04-13,4,2024,21.9,11.9,84.1,13.8,0.0,False,1.0,0
2024-04-14,4,2024,17.3,10.7,69.8,30.0,0.0,False,1.0,0
2024-04-15,4,2024,18.7,11.0,51.9,24.5,0.0,False,1.0,0
2024-04-16,4,2024,21.6,10.2,64.7,18.9,0.0,False,1.0,0
2024-04-17,4,2024,20.5,8.6,84.0,8.4,0.0,False,0.0,0
2024-04-18,4,2024,19.8,13.9,80.7,32.0,7.7,True,1.0,0
2024-04-19,4,2024,19.5,11.9,48.8,15.9,0.0,False,1.0,0
2024-04-20,4,2024,22.9,10.4,90.6,29.1,25.6,True,2.0,0
2024-04-21,4,2024,25.6,13.7,41.6,21.3,0.0,False,2.0,0
2024-04-22,4,2024,18.6,12.1,60.0,11.1,15.3,True,3.0,0
2024-04-23,4,2024,21.4,6.9,78.5,9.1,0.0,False,3.0,0
2024-04-24,4,2024,24.8,13.1,89.7,27.0,0.0,False,2.0,0
2024-04-25,4,2024,22.7,9.0,47.2,7.6,0.0,False,2.0,0
2024-04-26,4,2024,18.3,6.7,87.1,10.2,0.0,False,1.0,0
2024-04-27,4,2024,18.9,10.7,51.2,33.5,0.0,False,1.0,0
2024-04-28,4,2024,18.5,9.2,68.2,36.1,1.7,True,1.0,0
2024-04-29,4,2024,17.7,8.1,62.1,7.2,0.0,False,1.0,0
2024-04-30,4,2024,18.4,14.0,81.2,4.7,0.0,False,1.0,0
2024-05-01,5,2024,25.7,14.1,47.1,12.5,0.0,False,1.0,0
2024-05-02,5,2024,23.5,13.9,49.7,8.0,0.0,False,1.0,0
2024-05-03,5,2024,27.2,13.4,68.9,11.3,0.0,False,1.0,0
2024-05-04,5,2024,25.3,13.0,50.7,18.3,0.0,False,0.0,0
2024-05-05,5,2024,24.0,14.5,84.9,20.2,0.0,False,0.0,0
2024-05-06,5,2024,27.2,13.2,69.5,43.7,29.8,True,1.0,0
2024-05-07,5,2024,25.8,22.1,86.5,16.0,0.0,False,1.0,0
2024-05-08,5,2024,25.7,11.4,79.0,24.5,0.0,False,1.0,0
2024-05-09,5,2024,27.6,14.3,64.2,35.1,0.0,False,1.0,0
2024-05-10,5,2024,26.4,12.8,75.3,8.6,0.0,False,1.0,0
2024-05-11,5,2024,24.7,12.2,43.0,7.2,0.0,False,1.0,0
2024-05-12,5,2024,27.3,12.3,72.2,12.3,0.0,False,0.0,0
2024-05-13,5,2024,25.8,14.1,90.2,8.1,0.0,False,0.0,0
2024-05-14,5,2024,32.3,16.3,46.1,8.8,0.0,False,0.0,0
2024-05-15,5,2024,27.7,17.0,63.0,13.6,0.0,False,0.0,0
2024-05-16,5,2024,27.9,15.7,40.9,12.7,20.3,True,1.0,0
2024-05-17,5,2024,28.2,12.9,75.1,28.1,0.0,False,1.0,0
2024-05-18,5,2024,25.2,18.8,41.0,39.8,0.0,False,1.0,0
2024-05-19,5,2024,28.3,18.4,63.2,20.9,0.0,False,1.0,0
2024-05-20,5,2024,25.1,18.4,51.2,44.2,0.0,False,1.0,0
2024-05-21,5,2024,22.9,12.8,81.2,40.1,0.0,False,1.0,0
2024-05-22,5,2024,23.6,15.6,72.9,11.3,0.0,False,0.0,0
2024-05-23,5,2024,26.3,15.8,74.0,12.4,0.0,False,0.0,0
2024-05-24,5,2024,21.1,15.5,68.0,32.1,0.0,False,0.0,0
2024-05-25,5,2024,25.5,15.4,52.8,21.0,0.0,False,0.0,0
2024-05-26,5,2024,23.2,15.4,81.6,9.2,0.0,False,0.0,0
2024-05-27,5,2024,26.8,13.2,84.9,6.1,0.0,False,0.0,0
2024-05-28,5,2024,23.1,17.0,62.4,19.7,0.0,False,0.0,0
2024-05-29,5,2024,29.7,17.4,69.9,8.5,0.0,False,0.0,0
2024-05-30,5,2024,26.9,15.6,71.8,28.6,0.0,False,0.0,0
2024-05-31,5,2024,21.8,14.1,77.1,21.7,0.0,False,0.0,0
2024-06-01,6,2024,33.4,19.0,70.1,11.2,0.0,False,0.0,0
2024-06-02,6,2024,28.4,21.1,81.1,4.4,0.0,False,0.0,0
2024-06-03,6,2024,27.2,17.7,82.0,12.2,0.0,False,0.0,0
2024-06-04,6,2024,26.4,19.7,68.4,22.1,0.0,False,0.0,0
2024-06-05,6,2024,30.4,16.2,85.0,9.6,0.0,False,0.0,0
2024-06-06,6,2024,32.8,18.9,50.3,12.1,0.0,False,0.0,0
2024-06-07,6,2024,27.6,14.8,61.1,44.1,0.0,False,0.0,0
2024-06-08,6,2024,26.5,15.2,72.1,28.9,0.0,False,0.0,0
2024-06-09,6,2024,26.2,23.2,45.2,10.6,0.0,False,0.0,0
2024-06-10,6,2024,32.7,18.3,76.7,11.7,0.0,False,0.0,0
2024-06-11,6,2024,33.2,20.8,64.5,24.8,0.0,False,0.0,0
2024-06-12,6,2024,28.1,11.3,59.3,42.6,0.0,False,0.0,0
2024-06-13,6,2024,30.3,17.4,63.0,14.3,0.0,False,0.0,0
2024-06-14,6,2024,29.0,17.6,58.7,5.1,0.0,False,0.0,0
2024-06-15,6,2024,28.8,16.6,52.2,30.5,0.0,False,0.0,0
2024-06-16,6,2024,31.4,18.3,86.7,17.0,0.0,False,0.0,0
2024-06-17,6,2024,30.1,15.8,80.8,21.0,0.0,False,0.0,0
2024-06-18,6,2024,29.8,21.1,57.0,19.9,0.0,False,0.0,0
2024-06-19,6,2024,28.3,19.6,48.6,22.7,0.0,False,0.0,0
2024-06-20,6,2024,31.0,15.1,45.9,26.3,0.0,False,0.0,0
2024-06-21,6,2024,28.3,19.2,80.6,14.4,0.0,False,0.0,0
2024-06-22,6,2024,29.1,18.8,75.8,33.3,0.0,False,0.0,0
2024-06-23,6,2024,29.5,22.0,43.8,5.9,0.0,False,0.0,0
2024-06-24,6,2024,26.0,20.6,45.9,22.8,0.0,False,0.0,0
2024-06-25,6,2024,28.3,15.2,86.6,13.2,0.0,False,0.0,0
2024-06-26,6,2024,28.2,16.1,84.4,19.4,0.0,False,0.0,0
2024-06-27,6,2024,29.3,20.5,54.9,11.1,0.0,False,0.0,0
2024-06-28,6,2024,26.2,14.7,45.2,12.4,0.0,False,0.0,0
2024-06-29,6,2024,26.0,19.5,81.3,24.8,0.0,False,0.0,0
2024-06-30,6,2024,33.1,16.3,41.3,12.6,0.0,False,0.0,0
2024-07-01,7,2024,35.9,21.3,72.5,17.8,0.0,False,0.0,0
2024-07-02,7,2024,35.2,21.3,48.2,26.4,0.0,False,0.0,0
2024-07-03,7,2024,37.6,20.9,75.3,38.9,0.0,False,0.0,0
2024-07-04,7,2024,34.0,18.1,48.6,9.5,0.0,False,0.0,0
2024-07-05,7,2024,32.8,20.1,57.8,19.2,0.0,False,0.0,0
2024-07-06,7,2024,34.2,23.1,46.2,27.1,0.0,False,0.0,0
2024-07-07,7,2024,28.3,19.5,54.6,19.3,0.0,False,0.0,0
2024-07-08,7,2024,30.3,21.1,46.6,29.2,0.0,False,0.0,0
2024-07-09,7,2024,34.9,24.1,63.6,27.3,0.0,False,0.0,0
2024-07-10,7,2024,33.1,24.8,73.1,28.4,0.0,False,0.0,0
2024-07-11,7,2024,29.8,23.9,60.1,28.5,0.0,False,0.0,0
2024-07-12,7,2024,34.6,20.4,88.6,34.7,0.0,False,0.0,0
2024-07-13,7,2024,35.5,20.3,78.5,16.8,0.0,False,0.0,0
2024-07-14,7,2024,34.7,19.6,67.8,17.0,0.0,False,0.0,0
2024-07-15,7,2024,32.9,18.7,68.7,8.5,0.0,False,0.0,0
2024-07-16,7,2024,30.9,19.6,56.4,10.7,0.0,False,0.0,0
2024-07-17,7,2024,33.3,16.5,66.1,11.6,0.0,False,0.0,0
2024-07-18,7,2024,34.1,21.4,78.6,27.0,0.0,False,0.0,0
2024-07-19,7,2024,32.1,19.3,40.1,8.7,0.0,False,0.0,0
2024-07-20,7,2024,34.5,22.8,64.5,26.3,0.0,False,0.0,0
2024-07-21,7,2024,33.8,22.6,86.1,21.4,0.0,False,0.0,0
2024-07-22,7,2024,33.8,23.5,83.3,38.1,0.0,False,0.0,0
2024-07-23,7,2024,27.9,18.1,51.3,26.4,0.0,False,0.0,0
2024-07-24,7,2024,35.7,19.4,77.5,25.3,0.0,False,0.0,0
2024-07-25,7,2024,37.3,18.2,69.8,6.8,0.0,False,0.0,0
2024-07-26,7,2024,32.0,16.1,66.8,18.4,0.0,False,0.0,0
2024-07-27,7,2024,29.3,18.3,73.7,28.1,0.0,False,0.0,0
2024-07-28,7,2024,34.6,18.0,72.2,12.2,0.0,False,0.0,0
2024-07-29,7,2024,31.8,22.8,43.6,18.2,0.0,False,0.0,0
2024-07-30,7,2024,30.6,13.2,61.3,12.4,0.0,False,0.0,0
2024-07-31,7,2024,36.0,21.3,50.2,16.7,0.0,False,0.0,0
2024-08-01,8,2024,28.5,20.4,75.7,10.9,0.0,False,0.0,0
2024-08-02,8,2024,33.8,19.9,53.9,20.4,0.0,False,0.0,0
2024-08-03,8,2024,28.9,20.2,62.3,39.9,0.0,False,0.0,0
2024-08-04,8,2024,35.7,22.2,81.9,10.2,0.0,False,0.0,0
2024-08-05,8,2024,33.3,20.8,79.9,16.3,0.0,False,0.0,0
2024-08-06,8,2024,31.4,26.9,83.6,28.4,0.0,False,0.0,0
2024-08-07,8,2024,32.4,21.5,64.4,8.3,0.0,False,0.0,0
2024-08-08,8,2024,33.5,19.8,87.3,36.7,0.0,False,0.0,0
2024-08-09,8,2024,34.1,19.7,41.6,15.0,0.0,False,0.0,0
2024-08-10,8,2024,34.1,20.5,87.9,13.1,0.0,False,0.0,0
2024-08-11,8,2024,33.4,25.0,57.8,20.8,0.0,False,0.0,0
2024-08-12,8,2024,30.8,22.4,81.5,11.0,0.0,False,0.0,0
2024-08-13,8,2024,33.7,24.4,88.4,30.5,0.0,False,0.0,0
2024-08-14,8,2024,28.7,17.8,85.5,34.6,0.0,False,0.0,0
2024-08-15,8,2024,34.5,19.8,75.6,31.7,0.0,False,0.0,0
2024-08-16,8,2024,34.2,21.2,74.2,13.8,0.0,False,0.0,0
2024-08-17,8,2024,35.5,20.5,89.7,8.5,0.0,False,0.0,0
2024-08-18,8,2024,30.5,22.8,63.7,21.7,0.0,False,0.0,0
2024-08-19,8,2024,32.5,23.6,45.3,47.3,0.0,False,0.0,0
2024-08-20,8,2024,34.1,20.1,41.2,30.1,0.0,False,0.0,0
2024-08-21,8,2024,32.8,13.8,84.9,27.1,0.0,False,0.0,0
2024-08-22,8,2024,30.9,18.7,41.3,14.8,0.0,False,0.0,0
2024-08-23,8,2024,32.8,18.0,88.5,15.4,0.0,False,0.0,0
2024-08-24,8,2024,32.2,22.5,69.1,12.2,0.0,False,0.0,0
2024-08-25,8,2024,34.5,26.1,73.5,12.4,0.0,False,0.0,0
2024-08-26,8,2024,30.4,21.9,86.4,23.5,0.0,False,0.0,0
2024-08-27,8,2024,32.8,25.5,86.0,5.8,0.0,False,0.0,0
2024-08-28,8,2024,32.7,21.8,59.9,21.6,0.0,False,0.0,0
2024-08-29,8,2024,33.9,23.8,71.2,16.8,0.0,False,0.0,0
2024-08-30,8,2024,31.8,21.8,66.6,14.7,29.6,True,1.0,1
2024-08-31,8,2024,32.3,22.9,81.7,26.3,0.0,False,1.0,0
2024-09-01,9,2024,26.8,14.7,42.9,7.1,0.0,False,1.0,0
2024-09-02,9,2024,27.1,16.2,72.0,11.0,0.0,False,1.0,0
2024-09-03,9,2024,27.0,20.8,61.9,8.8,0.0,False,1.0,0
2024-09-04,9,2024,26.2,19.3,83.9,24.3,0.0,False,1.0,0
2024-09-05,9,2024,34.1,13.6,75.1,9.7,0.0,False,0.0,0
2024-09-06,9,2024,24.9,19.7,53.3,17.4,0.0,False,0.0,0
2024-09-07,9,2024,24.1,20.1,46.8,40.2,0.0,False,0.0,0
2024-09-08,9,2024,25.0,16.3,67.6,29.4,0.0,False,0.0,0
2024-09-09,9,2024,25.2,17.8,90.1,24.1,0.0,False,0.0,0
2024-09-10,9,2024,27.0,15.6,57.8,33.0,0.0,False,0.0,0
2024-09-11,9,2024,30.6,17.8,90.8,12.1,0.0,False,0.0,0
2024-09-12,9,2024,31.2,17.4,66.4,28.8,0.0,False,0.0,0
2024-09-13,9,2024,27.6,16.0,49.7,4.9,0.0,False,0.0,0
2024-09-14,9,2024,20.8,16.9,41.6,34.0,0.0,False,0.0,0
2024-09-15,9,2024,28.0,15.6,55.5,11.0,0.0,False,0.0,0
2024-09-16,9,2024,23.7,18.7,41.8,7.9,0.0,False,0.0,0
2024-09-17,9,2024,25.7,15.4,70.1,8.0,0.0,False,0.0,0
2024-09-18,9,2024,24.1,17.9,75.8,21.1,0.0,False,0.0,0
2024-09-19,9,2024,28.1,17.7,74.2,35.2,0.0,False,0.0,0
2024-09-20,9,2024,25.4,15.0,58.2,7.2,0.0,False,0.0,0
2024-09-21,9,2024,28.9,16.0,45.7,17.7,0.0,False,0.0,0
2024-09-22,9,2024,28.2,17.8,72.7,34.8,0.0,False,0.0,0
2024-09-23,9,2024,26.4,20.4,43.2,40.7,0.0,False,0.0,0
2024-09-24,9,2024,27.2,15.4,72.9,45.7,0.0,False,0.0,0
2024-09-25,9,2024,29.3,16.7,82.6,14.1,25.1,True,1.0,0
2024-09-26,9,2024,26.1,16.5,42.9,21.1,0.0,False,1.0,0
2024-09-27,9,2024,29.3,12.6,58.1,14.7,6.0,True,2.0,0
2024-09-28,9,2024,27.0,16.6,71.6,8.2,0.0,False,2.0,0
2024-09-29,9,2024,27.7,18.9,72.6,28.0,0.0,False,2.0,0
2024-09-30,9,2024,29.0,19.0,50.1,10.3,0.0,False,2.0,0
2024-10-01,10,2024,26.3,12.8,71.8,25.2,0.0,False,1.0,0
2024-10-02,10,2024,24.3,15.3,68.4,30.4,0.0,False,1.0,0
2024-10-03,10,2024,23.1,13.4,85.2,11.7,0.0,False,0.0,0
2024-10-04,10,2024,24.8,14.9,75.5,18.5,0.0,False,0.0,0
2024-10-05,10,2024,19.1,16.3,58.6,15.8,17.4,True,1.0,0
2024-10-06,10,2024,27.1,12.3,51.5,6.2,0.0,False,1.0,0
2024-10-07,10,2024,19.7,15.2,71.2,27.1,0.0,False,1.0,0
2024-10-08,10,2024,25.3,9.9,53.0,30.3,0.0,False,1.0,0
2024-10-09,10,2024,21.6,16.4,43.9,19.4,0.0,False,1.0,0
2024-10-10,10,2024,24.3,10.1,82.0,27.9,0.0,False,1.0,0
2024-10-11,10,2024,22.7,13.8,51.6,5.8,0.0,False,0.0,0
2024-10-12,10,2024,23.8,13.5,59.4,9.3,0.0,False,0.0,0
2024-10-13,10,2024,21.0,16.2,83.2,20.4,0.0,False,0.0,0
2024-10-14,10,2024,17.6,18.5,45.3,22.3,0.0,False,0.0,0
2024-10-15,10,2024,24.0,13.5,89.4,29.0,0.0,False,0.0,0
2024-10-16,10,2024,21.5,14.0,66.7,21.6,0.0,False,0.0,0
2024-10-17,10,2024,21.4,11.4,74.3,20.2,0.0,False,0.0,0
2024-10-18,10,2024,21.2,15.4,77.3,24.2,11.9,True,1.0,0
2024-10-19,10,2024,28.0,16.5,90.0,9.4,20.6,True,2.0,0
2024-10-20,10,2024,21.5,16.9,68.2,8.5,0.0,False,2.0,0
2024-10-21,10,2024,23.8,11.5,75.7,10.6,0.0,False,2.0,0
2024-10-22,10,2024,20.1,11.8,74.8,34.9,0.0,False,2.0,0
2024-10-23,10,2024,26.8,16.3,72.1,22.5,0.0,False,2.0,0
2024-10-24,10,2024,21.6,16.3,80.8,23.7,0.0,False,1.0,0
2024-10-25,10,2024,16.5,8.9,57.6,12.6,0.0,False,0.0,0
2024-10-26,10,2024,29.8,12.0,64.6,11.3,0.0,False,0.0,0
2024-10-27,10,2024,20.3,8.5,44.0,21.5,0.0,False,0.0,0
2024-10-28,10,2024,26.3,13.5,86.4,10.2,0.0,False,0.0,0
2024-10-29,10,2024,24.8,14.4,68.5,38.6,0.0,False,0.0,0
2024-10-30,10,2024,24.6,14.9,66.8,30.1,0.0,False,0.0,0
2024-10-31,10,2024,22.4,15.1,53.6,6.8,0.0,False,0.0,0
2024-11-01,11,2024,18.5,11.6,85.9,9.2,0.0,False,0.0,0
2024-11-02,11,2024,21.1,9.7,40.7,17.8,0.0,False,0.0,0
2024-11-03,11,2024,17.2,6.2,44.9,11.6,0.0,False,0.0,0
2024-11-04,11,2024,18.6,10.5,43.1,12.1,0.0,False,0.0,0
2024-11-05,11,2024,20.3,11.9,52.3,41.2,0.0,False,0.0,0
2024-11-06,11,2024,18.2,6.5,65.3,13.5,0.0,False,0.0,0
2024-11-07,11,2024,16.9,7.6,63.6,31.8,0.0,False,0.0,0
2024-11-08,11,2024,21.6,13.0,53.8,13.6,0.0,False,0.0,0
2024-11-09,11,2024,18.9,14.1,68.3,26.3,25.4,True,1.0,0
2024-11-10,11,2024,17.7,8.8,51.6,9.4,0.0,False,1.0,0
2024-11-11,11,2024,16.1,6.7,58.7,24.8,0.0,False,1.0,0
2024-11-12,11,2024,15.5,8.5,48.7,20.7,0.0,False,1.0,0
2024-11-13,11,2024,20.2,7.9,73.9,26.5,0.0,False,1.0,0
2024-11-14,11,2024,20.4,8.9,44.2,16.3,0.0,False,1.0,0
2024-11-15,11,2024,12.6,12.1,57.5,39.8,0.0,False,0.0,0
2024-11-16,11,2024,16.5,5.2,67.1,45.5,25.0,True,1.0,0
2024-11-17,11,2024,20.4,4.9,68.0,14.6,0.0,False,1.0,0
2024-11-18,11,2024,24.1,14.9,58.8,27.8,0.0,False,1.0,0
2024-11-19,11,2024,23.4,8.0,72.8,38.4,0.0,False,1.0,0
2024-11-20,11,2024,20.4,13.0,48.4,30.5,26.9,True,2.0,0
2024-11-21,11,2024,21.4,5.4,76.9,16.6,0.0,False,2.0,0
2024-11-22,11,2024,16.7,12.1,87.2,3.6,0.0,False,1.0,0
2024-11-23,11,2024,19.9,6.5,90.5,39.6,0.0,False,1.0,0
2024-11-24,11,2024,14.9,7.5,84.8,13.7,0.0,False,1.0,0
2024-11-25,11,2024,16.6,6.5,53.3,5.6,0.0,False,1.0,0
2024-11-26,11,2024,18.8,11.4,41.9,10.9,0.0,False,0.0,0
2024-11-27,11,2024,23.4,7.4,89.7,41.3,0.0,False,0.0,0
2024-11-28,11,2024,19.9,7.5,68.4,17.1,0.0,False,0.0,0
2024-11-29,11,2024,18.7,11.7,67.5,7.9,17.2,True,1.0,0
2024-11-30,11,2024,17.6,13.9,47.5,24.1,0.0,False,1.0,0
2024-12-01,12,2024,12.7,8.1,86.5,4.6,0.0,False,1.0,0
2024-12-02,12,2024,17.5,7.7,88.8,29.8,7.8,True,2.0,0
2024-12-03,12,2024,15.1,8.9,83.8,19.3,7.4,True,3.0,0
2024-12-04,12,2024,16.6,11.2,75.3,32.6,0.0,False,3.0,0
2024-12-05,12,2024,13.8,6.4,59.7,10.5,0.0,False,2.0,0
2024-12-06,12,2024,16.3,4.6,87.3,7.1,0.0,False,2.0,0
2024-12-07,12,2024,12.2,11.6,83.6,25.1,0.0,False,2.0,0
2024-12-08,12,2024,17.3,10.5,82.7,30.7,29.0,True,2.0,0
2024-12-09,12,2024,19.3,4.0,69.8,22.7,0.0,False,1.0,0
2024-12-10,12,2024,18.3,9.0,43.6,28.6,0.0,False,1.0,0
2024-12-11,12,2024,21.3,8.0,41.3,22.7,0.0,False,1.0,0
2024-12-12,12,2024,16.8,6.8,51.5,35.1,0.0,False,1.0,0
2024-12-13,12,2024,17.3,4.1,44.7,46.2,0.0,False,1.0,0
2024-12-14,12,2024,17.3,3.5,78.0,9.1,0.0,False,0.0,0
2024-12-15,12,2024,13.8,5.6,83.4,19.8,0.0,False,0.0,0
2024-12-16,12,2024,21.4,6.8,67.6,7.8,4.4,True,1.0,0
2024-12-17,12,2024,18.5,11.1,71.2,28.3,25.8,True,2.0,0
2024-12-18,12,2024,15.4,3.5,64.1,10.5,0.0,False,2.0,0
2024-12-19,12,2024,13.7,9.5,87.7,7.6,5.4,True,3.0,0
2024-12-20,12,2024,17.5,7.5,71.3,42.1,0.0,False,3.0,0
2024-12-21,12,2024,18.1,9.0,71.6,16.6,23.4,True,4.0,0
2024-12-22,12,2024,16.3,12.1,83.8,31.5,10.0,True,4.0,0
2024-12-23,12,2024,16.5,5.9,59.6,5.2,2.5,True,4.0,1
2024-12-24,12,2024,15.5,7.3,43.3,7.1,0.0,False,4.0,0
2024-12-25,12,2024,16.0,2.8,77.7,30.7,0.0,False,3.0,0
2024-12-26,12,2024,19.3,5.3,83.1,36.5,0.0,False,3.0,0
2024-12-27,12,2024,19.5,10.9,66.5,6.6,0.0,False,2.0,0
2024-12-28,12,2024,12.2,12.1,63.8,23.4,0.0,False,1.0,0
2024-12-29,12,2024,16.3,7.4,45.0,20.0,0.0,False,0.0,0
2024-12-30,12,2024,13.0,6.9,56.0,10.0,0.0,False,0.0,0
2024-12-31,12,2024,12.7,8.2,49.6,15.9,0.0,False,0.0,0
2025-01-01,1,2025,15.5,5.7,78.1,17.4,0.0,False,0.0,0
2025-01-02,1,2025,11.9,10.6,48.2,4.5,0.0,False,0.0,0
2025-01-03,1,2025,6.1,2.5,74.9,19.7,0.0,False,0.0,0
2025-01-04,1,2025,15.6,0.8,62.5,29.0,0.0,False,0.0,0
2025-01-05,1,2025,17.2,3.1,40.2,36.9,0.0,False,0.0,0
2025-01-06,1,2025,19.1,1.6,75.8,5.9,0.0,False,0.0,0
2025-01-07,1,2025,13.0,5.3,80.4,29.5,0.0,False,0.0,0
2025-01-08,1,2025,17.6,5.1,57.3,16.3,0.0,False,0.0,0
2025-01-09,1,2025,7.4,1.3,64.3,25.6,22.1,True,1.0,0
2025-01-10,1,2025,11.4,4.9,42.5,21.9,7.5,True,2.0,0
2025-01-11,1,2025,15.3,4.3,51.6,36.8,0.0,False,2.0,0
2025-01-12,1,2025,15.2,5.6,75.5,24.6,0.0,False,2.0,0
2025-01-13,1,2025,17.3,3.4,47.2,9.9,1.5,True,3.0,0
2025-01-14,1,2025,16.4,4.0,51.8,45.4,0.0,False,3.0,0
2025-01-15,1,2025,13.8,4.3,75.4,30.3,0.0,False,2.0,0
2025-01-16,1,2025,17.8,8.3,43.5,6.1,0.0,False,1.0,0
2025-01-17,1,2025,15.7,2.2,77.2,45.6,0.0,False,1.0,0
2025-01-18,1,2025,18.3,3.5,72.0,7.0,9.9,True,2.0,0
2025-01-19,1,2025,12.0,5.2,73.3,15.6,30.2,True,2.0,0
2025-01-20,1,2025,14.8,4.8,56.4,35.0,0.0,False,2.0,0
2025-01-21,1,2025,12.9,7.9,67.5,28.1,7.4,True,3.0,0
2025-01-22,1,2025,16.0,4.2,44.0,24.3,0.0,False,3.0,0
2025-01-23,1,2025,13.5,5.9,54.5,19.3,0.0,False,3.0,0
2025-01-24,1,2025,13.4,5.1,50.3,13.7,0.0,False,2.0,0
2025-01-25,1,2025,10.7,2.9,66.1,35.8,0.0,False,1.0,0
2025-01-26,1,2025,14.8,4.2,73.3,30.9,0.0,False,1.0,0
2025-01-27,1,2025,16.8,4.9,71.4,39.5,0.0,False,0.0,0
2025-01-28,1,2025,16.5,3.0,46.8,15.2,0.0,False,0.0,0
2025-01-29,1,2025,6.5,11.5,49.2,10.6,0.0,False,0.0,0
2025-01-30,1,2025,10.0,5.6,65.4,26.3,0.0,False,0.0,0
2025-01-31,1,2025,19.0,7.6,41.0,24.9,10.7,True,1.0,0
2025-02-01,2,2025,14.5,10.2,77.5,19.6,0.0,False,1.0,0
2025-02-02,2,2025,14.6,11.0,70.2,19.4,0.0,False,1.0,0
2025-02-03,2,2025,17.9,1.5,48.1,30.4,0.0,False,1.0,0
2025-02-04,2,2025,15.5,4.4,86.8,29.9,0.0,False,1.0,0
2025-02-05,2,2025,13.4,2.5,67.7,32.5,0.0,False,1.0,0
2025-02-06,2,2025,14.5,4.8,90.9,9.5,26.1,True,1.0,0
2025-02-07,2,2025,19.7,5.1,42.2,9.8,0.0,False,1.0,0
2025-02-08,2,2025,11.5,2.3,81.5,28.6,0.0,False,1.0,0
2025-02-09,2,2025,18.3,8.8,43.9,20.4,0.0,False,1.0,0
2025-02-10,2,2025,14.2,9.2,88.0,11.6,0.0,False,1.0,0
2025-02-11,2,2025,14.3,4.2,58.4,17.6,0.0,False,1.0,0
2025-02-12,2,2025,19.7,7.7,74.0,24.4,0.0,False,0.0,0
2025-02-13,2,2025,13.4,8.1,76.4,24.7,0.0,False,0.0,0
2025-02-14,2,2025,17.1,7.7,76.4,31.0,0.0,False,0.0,0
2025-02-15,2,2025,14.1,2.6,75.4,14.2,0.0,False,0.0,0
2025-02-16,2,2025,11.4,12.1,40.6,24.3,0.0,False,0.0,0
2025-02-17,2,2025,14.6,11.2,51.2,19.9,0.0,False,0.0,0
2025-02-18,2,2025,17.9,4.8,80.7,15.4,0.0,False,0.0,0
2025-02-19,2,2025,14.5,4.8,80.1,15.1,0.0,False,0.0,0
2025-02-20,2,2025,16.4,2.7,80.9,22.0,0.0,False,0.0,0
2025-02-21,2,2025,15.5,7.5,40.4,6.4,2.4,True,1.0,0
2025-02-22,2,2025,15.1,6.0,42.1,28.2,0.0,False,1.0,0
2025-02-23,2,2025,14.0,7.2,43.8,10.6,0.0,False,1.0,0
2025-02-24,2,2025,15.3,4.9,84.6,8.9,0.0,False,1.0,0
2025-02-25,2,2025,9.9,2.8,64.3,15.9,0.0,False,1.0,0
2025-02-26,2,2025,13.9,3.6,77.3,17.2,0.0,False,1.0,0
2025-02-27,2,2025,10.5,4.5,51.1,11.7,0.0,False,0.0,0
2025-02-28,2,2025,15.7,6.4,74.2,12.7,0.0,False,0.0,0
2025-03-01,3,2025,17.9,6.4,62.6,24.3,0.0,False,0.0,0
2025-03-02,3,2025,15.0,8.9,90.4,5.4,0.0,False,0.0,0
2025-03-03,3,2025,19.0,8.7,54.6,23.6,0.0,False,0.0,0
2025-03-04,3,2025,18.0,9.3,45.5,18.9,0.0,False,0.0,0
2025-03-05,3,2025,17.7,7.7,67.9,17.5,0.0,False,0.0,0
2025-03-06,3,2025,16.1,11.6,74.7,26.2,0.0,False,0.0,0
2025-03-07,3,2025,18.2,12.4,46.9,24.9,0.0,False,0.0,0
2025-03-08,3,2025,19.6,5.8,67.5,6.5,0.0,False,0.0,0
2025-03-09,3,2025,15.3,4.4,78.0,29.9,0.0,False,0.0,0
2025-03-10,3,2025,15.0,8.9,45.7,5.7,0.0,False,0.0,0
2025-03-11,3,2025,20.0,8.5,80.1,5.3,0.0,False,0.0,0
2025-03-12,3,2025,11.2,9.0,67.8,19.0,0.0,False,0.0,0
2025-03-13,3,2025,10.5,5.8,40.5,26.8,0.0,False,0.0,0
2025-03-14,3,2025,12.5,4.4,70.0,18.4,3.9,True,1.0,0
2025-03-15,3,2025,17.5,6.6,81.0,12.2,0.0,False,1.0,0
2025-03-16,3,2025,17.4,11.3,90.5,9.4,0.0,False,1.0,0
2025-03-17,3,2025,18.2,6.5,90.6,23.9,0.0,False,1.0,0
2025-03-18,3,2025,17.2,8.7,61.1,39.2,0.0,False,1.0,0
2025-03-19,3,2025,20.8,5.6,41.9,8.8,0.0,False,1.0,0
2025-03-20,3,2025,20.9,4.8,89.5,11.7,0.0,False,0.0,0
2025-03-21,3,2025,19.9,5.0,51.2,45.8,0.0,False,0.0,0
2025-03-22,3,2025,14.1,1.4,88.7,31.7,0.0,False,0.0,0
2025-03-23,3,2025,17.9,5.4,89.2,27.5,21.1,True,1.0,0
2025-03-24,3,2025,14.8,9.2,56.7,5.8,0.0,False,1.0,0
2025-03-25,3,2025,15.7,7.1,78.9,5.3,0.0,False,1.0,0
2025-03-26,3,2025,14.4,4.9,72.2,17.8,0.0,False,1.0,0
2025-03-27,3,2025,17.0,6.9,83.2,5.5,0.0,False,1.0,0
2025-03-28,3,2025,18.4,7.6,88.7,7.4,0.0,False,1.0,0
2025-03-29,3,2025,17.2,9.1,50.5,20.3,0.0,False,0.0,0
2025-03-30,3,2025,14.0,5.2,60.9,16.0,0.0,False,0.0,0
2025-03-31,3,2025,13.2,7.0,77.2,29.4,0.0,False,0.0,0
2025-04-01,4,2025,18.1,10.8,70.1,11.7,0.0,False,0.0,0
2025-04-02,4,2025,18.1,12.6,88.0,11.7,0.0,False,0.0,0
2025-04-03,4,2025,22.0,6.9,62.8,15.3,0.0,False,0.0,0
2025-04-04,4,2025,19.2,9.2,71.5,24.3,0.0,False,0.0,0
2025-04-05,4,2025,19.5,5.5,44.2,43.9,0.0,False,0.0,0
2025-04-06,4,2025,19.6,7.9,51.8,15.1,0.0,False,0.0,0
2025-04-07,4,2025,22.7,10.8,46.2,27.3,0.0,False,0.0,0
2025-04-08,4,2025,24.1,14.3,79.1,33.0,0.0,False,0.0,0
2025-04-09,4,2025,21.1,9.4,41.0,24.4,0.0,False,0.0,0
2025-04-10,4,2025,19.4,9.0,88.0,28.9,0.0,False,0.0,0
2025-04-11,4,2025,23.5,7.5,82.6,30.5,0.0,False,0.0,0
2025-04-12,4,2025,21.1,6.6,74.6,21.5,0.0,False,0.0,0
2025-04-13,4,2025,18.9,7.8,41.5,16.3,0.0,False,0.0,0
2025-04-14,4,2025,22.5,11.6,53.2,9.0,0.0,False,0.0,0
2025-04-15,4,2025,20.5,4.8,47.0,29.0,0.0,False,0.0,0
2025-04-16,4,2025,16.4,9.5,76.2,9.6,0.0,False,0.0,0
2025-04-17,4,2025,21.6,8.3,43.5,48.4,0.0,False,0.0,0
2025-04-18,4,2025,20.7,7.4,85.4,19.6,0.0,False,0.0,0
2025-04-19,4,2025,15.4,10.6,68.3,4.3,0.0,False,0.0,0
2025-04-20,4,2025,14.6,8.0,45.3,15.7,0.0,False,0.0,0
2025-04-21,4,2025,20.3,7.3,63.5,10.8,0.0,False,0.0,0
2025-04-22,4,2025,21.7,8.5,47.2,6.2,0.0,False,0.0,0
2025-04-23,4,2025,21.5,6.1,61.6,26.0,0.0,False,0.0,0
2025-04-24,4,2025,16.6,5.9,76.4,12.8,0.0,False,0.0,0
2025-04-25,4,2025,19.1,8.0,75.5,31.0,0.0,False,0.0,0
2025-04-26,4,2025,21.7,7.1,57.8,28.2,0.0,False,0.0,0
2025-04-27,4,2025,16.2,12.2,57.8,6.5,0.0,False,0.0,0
2025-04-28,4,2025,20.2,9.8,43.9,25.9,0.0,False,0.0,0
2025-04-29,4,2025,20.5,7.1,44.5,9.7,7.5,True,1.0,0
2025-04-30,4,2025,22.3,9.7,42.5,28.7,0.0,False,1.0,0
2025-05-01,5,2025,18.9,15.8,43.8,11.1,0.0,False,1.0,0
2025-05-02,5,2025,25.4,15.4,59.6,15.3,0.0,False,1.0,0
2025-05-03,5,2025,30.0,18.3,81.6,34.6,0.0,False,1.0,0
2025-05-04,5,2025,23.4,12.0,57.4,23.7,0.0,False,1.0,0
2025-05-05,5,2025,24.2,17.2,65.8,6.9,0.0,False,0.0,0
2025-05-06,5,2025,27.4,13.1,71.8,8.2,0.0,False,0.0,0
2025-05-07,5,2025,23.1,14.2,69.8,4.2,0.0,False,0.0,0
2025-05-08,5,2025,27.9,11.9,46.8,44.0,0.0,False,0.0,0
2025-05-09,5,2025,26.4,11.4,71.6,6.0,0.0,False,0.0,0
2025-05-10,5,2025,21.1,18.5,66.6,7.5,0.0,False,0.0,0
2025-05-11,5,2025,25.3,18.7,78.3,16.9,0.0,False,0.0,0
2025-05-12,5,2025,21.4,14.7,74.5,6.2,0.0,False,0.0,0
2025-05-13,5,2025,27.4,16.1,64.4,12.1,0.0,False,0.0,0
2025-05-14,5,2025,20.8,14.5,88.8,24.5,0.0,False,0.0,0
2025-05-15,5,2025,20.5,18.0,53.3,6.0,0.0,False,0.0,0
2025-05-16,5,2025,22.2,9.5,76.2,16.9,0.0,False,0.0,0
2025-05-17,5,2025,23.0,18.1,50.3,20.6,0.0,False,0.0,0
2025-05-18,5,2025,28.3,9.8,73.8,9.8,0.0,False,0.0,0
2025-05-19,5,2025,25.0,18.0,52.7,9.4,0.0,False,0.0,0
2025-05-20,5,2025,25.7,19.3,50.5,7.4,0.0,False,0.0,0
2025-05-21,5,2025,27.7,10.9,58.9,6.6,0.0,False,0.0,0
2025-05-22,5,2025,23.3,12.2,66.0,9.0,0.0,False,0.0,0
2025-05-23,5,2025,23.6,14.0,74.7,6.4,0.0,False,0.0,0
2025-05-24,5,2025,22.9,16.1,55.8,19.9,0.0,False,0.0,0
2025-05-25,5,2025,27.0,8.6,59.5,30.3,0.0,False,0.0,0
2025-05-26,5,2025,29.1,13.6,78.8,30.1,0.0,False,0.0,0
2025-05-27,5,2025,25.6,15.7,56.8,22.7,0.0,False,0.0,0
2025-05-28,5,2025,23.4,16.0,43.3,19.6,0.0,False,0.0,0
2025-05-29,5,2025,23.7,15.6,42.4,17.2,0.0,False,0.0,0
2025-05-30,5,2025,22.2,12.9,46.9,41.0,0.0,False,0.0,0
2025-05-31,5,2025,26.8,13.0,63.9,12.1,0.0,False,0.0,0
2025-06-01,6,2025,26.3,16.6,59.6,14.2,0.0,False,0.0,0
2025-06-02,6,2025,28.4,24.3,74.4,20.7,0.0,False,0.0,0
2025-06-03,6,2025,26.1,15.4,44.9,18.6,0.0,False,0.0,0
2025-06-04,6,2025,24.3,18.6,48.3,24.3,0.0,False,0.0,0
2025-06-05,6,2025,22.7,17.2,89.4,28.7,0.0,False,0.0,0
2025-06-06,6,2025,26.8,17.6,61.6,9.4,0.0,False,0.0,0
2025-06-07,6,2025,29.5,18.8,86.7,22.6,0.0,False,0.0,0
2025-06-08,6,2025,28.2,16.5,52.0,25.1,0.0,False,0.0,0
2025-06-09,6,2025,28.4,18.1,90.1,11.7,0.0,False,0.0,0
2025-06-10,6,2025,26.3,16.9,46.5,37.9,0.0,False,0.0,0
2025-06-11,6,2025,26.7,19.8,79.8,13.6,0.0,False,0.0,0
2025-06-12,6,2025,26.3,17.0,90.0,23.0,0.0,False,0.0,0
2025-06-13,6,2025,29.5,18.1,64.8,37.8,0.0,False,0.0,0
2025-06-14,6,2025,34.1,18.0,65.0,43.7,0.0,False,0.0,0
2025-06-15,6,2025,28.7,22.7,48.9,11.0,0.0,False,0.0,0
2025-06-16,6,2025,25.6,22.6,71.1,39.2,0.0,False,0.0,0
2025-06-17,6,2025,32.2,15.0,52.4,36.4,0.0,False,0.0,0
2025-06-18,6,2025,26.5,16.0,76.6,11.1,0.0,False,0.0,0
2025-06-19,6,2025,30.4,14.3,64.2,7.4,0.0,False,0.0,0
2025-06-20,6,2025,27.9,17.0,51.9,14.1,0.0,False,0.0,0
2025-06-21,6,2025,29.2,17.7,63.5,37.6,0.0,False,0.0,0
2025-06-22,6,2025,37.6,16.2,41.3,32.3,0.0,False,0.0,0
2025-06-23,6,2025,27.1,18.8,45.0,11.3,0.0,False,0.0,0
2025-06-24,6,2025,27.5,16.6,45.2,11.7,0.0,False,0.0,0
2025-06-25,6,2025,29.9,17.8,59.9,12.3,0.0,False,0.0,0
2025-06-26,6,2025,28.9,13.2,76.5,6.9,0.0,False,0.0,0
2025-06-27,6,2025,28.0,19.5,42.7,9.0,15.8,True,1.0,0
2025-06-28,6,2025,27.3,15.5,40.6,22.1,0.0,False,1.0,0
2025-06-29,6,2025,30.5,16.8,47.5,18.0,0.0,False,1.0,0
2025-06-30,6,2025,31.7,19.4,87.8,15.5,0.0,False,1.0,0
2025-07-01,7,2025,30.6,16.3,84.2,18.7,0.0,False,1.0,0
2025-07-02,7,2025,30.2,22.5,60.5,34.9,0.0,False,1.0,0
2025-07-03,7,2025,37.6,20.6,48.2,40.5,0.0,False,0.0,0
2025-07-04,7,2025,29.4,20.6,58.1,11.2,0.0,False,0.0,0
2025-07-05,7,2025,34.8,16.4,87.7,10.6,0.0,False,0.0,0
2025-07-06,7,2025,34.1,16.6,72.8,6.6,0.0,False,0.0,0
2025-07-07,7,2025,30.2,20.1,64.0,11.3,0.0,False,0.0,0
2025-07-08,7,2025,34.9,19.2,60.5,9.1,0.0,False,0.0,0
2025-07-09,7,2025,30.2,18.5,85.7,5.3,0.0,False,0.0,0
2025-07-10,7,2025,30.3,19.6,89.6,9.2,0.0,False,0.0,0
2025-07-11,7,2025,29.5,17.7,79.7,28.9,0.0,False,0.0,0
2025-07-12,7,2025,35.1,19.5,82.5,37.3,0.0,False,0.0,0
2025-07-13,7,2025,31.9,21.3,55.7,26.3,0.0,False,0.0,0
2025-07-14,7,2025,35.7,17.7,87.9,12.3,0.0,False,0.0,0
2025-07-15,7,2025,31.0,17.8,63.1,22.7,0.0,False,0.0,0
2025-07-16,7,2025,34.5,19.6,49.1,28.4,0.0,False,0.0,0
2025-07-17,7,2025,36.5,18.7,70.4,16.4,0.0,False,0.0,0
2025-07-18,7,2025,32.8,19.7,74.9,22.3,0.0,False,0.0,0
2025-07-19,7,2025,30.2,20.1,62.3,20.6,0.0,False,0.0,0
2025-07-20,7,2025,32.1,15.6,59.0,36.0,0.0,False,0.0,0
2025-07-21,7,2025,36.1,23.9,75.9,27.6,0.0,False,0.0,0
2025-07-22,7,2025,34.8,19.4,53.2,11.5,0.0,False,0.0,0
2025-07-23,7,2025,32.0,20.1,75.0,10.5,0.0,False,0.0,0
2025-07-24,7,2025,28.6,16.9,69.3,25.1,0.0,False,0.0,0
2025-07-25,7,2025,34.8,19.2,57.1,10.6,0.0,False,0.0,0
2025-07-26,7,2025,37.1,19.1,74.5,22.4,0.0,False,0.0,0
2025-07-27,7,2025,37.1,17.3,42.2,11.2,0.0,False,0.0,0
2025-07-28,7,2025,34.1,19.3,68.0,37.3,0.0,False,0.0,0
2025-07-29,7,2025,32.5,16.0,70.4,12.5,0.0,False,0.0,0
2025-07-30,7,2025,31.0,25.6,54.6,32.5,0.0,False,0.0,0
2025-07-31,7,2025,31.6,20.4,58.2,10.5,0.0,False,0.0,0
2025-08-01,8,2025,27.9,22.1,84.0,20.6,0.0,False,0.0,0
2025-08-02,8,2025,37.3,21.6,71.6,9.5,0.0,False,0.0,0
2025-08-03,8,2025,31.9,18.9,72.6,15.8,0.0,False,0.0,0
2025-08-04,8,2025,38.0,21.1,45.3,14.5,0.0,False,0.0,0
2025-08-05,8,2025,31.8,14.2,52.1,5.7,0.0,False,0.0,0
2025-08-06,8,2025,28.0,18.3,76.7,8.0,0.0,False,0.0,0
2025-08-07,8,2025,36.7,22.3,75.7,27.7,0.0,False,0.0,0
2025-08-08,8,2025,29.9,20.2,62.8,15.5,0.0,False,0.0,0
2025-08-09,8,2025,30.9,15.4,42.0,30.1,0.0,False,0.0,0
2025-08-10,8,2025,36.1,17.3,42.6,24.2,0.0,False,0.0,0
2025-08-11,8,2025,35.6,23.0,44.5,14.7,0.0,False,0.0,0
2025-08-12,8,2025,26.9,16.5,84.1,18.0,0.0,False,0.0,0
2025-08-13,8,2025,32.0,21.1,46.9,40.0,0.0,False,0.0,0
2025-08-14,8,2025,29.3,16.3,73.6,39.7,0.0,False,0.0,0
2025-08-15,8,2025,33.3,23.1,69.4,17.7,0.0,False,0.0,0
2025-08-16,8,2025,36.5,22.2,77.1,25.9,0.0,False,0.0,0
2025-08-17,8,2025,30.7,23.2,69.7,27.5,0.0,False,0.0,0
2025-08-18,8,2025,35.7,20.1,49.2,18.6,0.0,False,0.0,0
2025-08-19,8,2025,29.7,21.9,77.4,16.6,0.0,False,0.0,0
2025-08-20,8,2025,37.4,21.5,70.4,28.4,0.0,False,0.0,0
2025-08-21,8,2025,29.9,17.7,67.9,15.6,0.0,False,0.0,0
2025-08-22,8,2025,30.8,21.2,77.1,18.2,0.0,False,0.0,0
2025-08-23,8,2025,32.7,19.2,56.0,7.1,0.0,False,0.0,0
2025-08-24,8,2025,28.5,17.9,43.6,36.1,0.0,False,0.0,0
2025-08-25,8,2025,35.9,18.1,44.5,16.8,0.0,False,0.0,0
2025-08-26,8,2025,29.3,23.7,56.7,21.5,0.0,False,0.0,0
2025-08-27,8,2025,33.5,23.0,51.8,6.6,0.0,False,0.0,0
2025-08-28,8,2025,28.8,20.0,78.2,19.2,0.0,False,0.0,0
2025-08-29,8,2025,32.3,15.8,71.0,10.3,0.0,False,0.0,0
2025-08-30,8,2025,32.0,22.4,44.9,14.8,0.0,False,0.0,0
2025-08-31,8,2025,31.0,23.9,76.7,20.2,0.0,False,0.0,0
2025-09-01,9,2025,28.2,18.6,86.7,30.7,0.0,False,0.0,0
2025-09-02,9,2025,24.2,16.3,82.0,11.4,0.0,False,0.0,0
2025-09-03,9,2025,30.8,13.4,74.3,26.5,0.0,False,0.0,0
2025-09-04,9,2025,27.5,16.7,79.6,18.0,0.0,False,0.0,0
2025-09-05,9,2025,20.0,14.7,47.7,12.5,0.0,False,0.0,0
2025-09-06,9,2025,32.0,15.0,43.3,12.1,0.0,False,0.0,0
2025-09-07,9,2025,28.1,16.8,78.1,10.8,0.0,False,0.0,0
2025-09-08,9,2025,30.9,15.4,90.2,6.7,0.0,False,0.0,0
2025-09-09,9,2025,26.6,17.1,52.3,20.9,0.0,False,0.0,0
2025-09-10,9,2025,21.3,19.3,68.7,22.5,0.0,False,0.0,0
2025-09-11,9,2025,26.0,13.2,44.1,10.7,0.0,False,0.0,0
2025-09-12,9,2025,23.9,17.6,68.6,20.3,0.0,False,0.0,0
2025-09-13,9,2025,26.9,18.0,63.0,34.0,0.0,False,0.0,0
2025-09-14,9,2025,25.8,16.2,52.3,30.3,0.0,False,0.0,0
2025-09-15,9,2025,27.5,11.9,68.8,15.4,18.1,True,1.0,0
2025-09-16,9,2025,22.6,14.8,73.4,18.1,0.0,False,1.0,0
2025-09-17,9,2025,27.1,22.7,86.5,25.6,0.0,False,1.0,0
2025-09-18,9,2025,25.9,18.8,79.9,20.8,0.0,False,1.0,0
2025-09-19,9,2025,28.6,14.0,89.8,27.7,0.0,False,1.0,0
2025-09-20,9,2025,22.8,16.0,62.6,40.0,0.0,False,1.0,0
2025-09-21,9,2025,25.9,15.9,47.2,9.2,0.0,False,0.0,0
2025-09-22,9,2025,31.1,17.2,60.9,29.4,0.0,False,0.0,0
2025-09-23,9,2025,24.0,17.7,80.4,13.3,0.0,False,0.0,0
2025-09-24,9,2025,28.8,19.0,50.8,20.3,0.0,False,0.0,0
2025-09-25,9,2025,30.3,17.3,49.0,10.0,0.0,False,0.0,0
2025-09-26,9,2025,27.0,14.8,72.9,27.1,0.0,False,0.0,0
2025-09-27,9,2025,29.5,19.2,88.3,43.6,0.0,False,0.0,0
2025-09-28,9,2025,29.6,15.0,60.9,31.6,0.0,False,0.0,0
2025-09-29,9,2025,30.9,18.3,75.5,22.3,0.0,False,0.0,0
2025-09-30,9,2025,26.1,21.5,60.6,18.0,0.0,False,0.0,0
2025-10-01,10,2025,22.7,14.3,57.8,19.0,0.0,False,0.0,0
2025-10-02,10,2025,25.0,9.8,46.8,38.2,0.0,False,0.0,0
2025-10-03,10,2025,21.1,15.5,41.0,8.8,0.0,False,0.0,0
2025-10-04,10,2025,23.1,15.0,46.1,21.2,0.0,False,0.0,0
2025-10-05,10,2025,21.3,11.3,62.7,23.0,0.0,False,0.0,0
2025-10-06,10,2025,17.2,15.5,77.2,36.4,0.0,False,0.0,0
2025-10-07,10,2025,23.8,14.1,42.7,11.6,0.0,False,0.0,0
2025-10-08,10,2025,27.3,11.3,51.3,25.8,0.0,False,0.0,0
2025-10-09,10,2025,22.1,14.4,41.6,13.8,0.0,False,0.0,0
2025-10-10,10,2025,23.2,13.5,82.5,14.2,0.0,False,0.0,0
2025-10-11,10,2025,21.9,9.4,59.5,6.9,0.0,False,0.0,0
2025-10-12,10,2025,21.1,14.5,54.5,13.2,0.0,False,0.0,0
2025-10-13,10,2025,23.3,10.0,80.0,13.0,4.4,True,1.0,0
2025-10-14,10,2025,25.7,15.1,54.2,5.4,0.0,False,1.0,0
2025-10-15,10,2025,28.5,10.4,54.3,19.8,0.0,False,1.0,0
2025-10-16,10,2025,25.1,15.1,87.7,25.7,0.0,False,1.0,0
2025-10-17,10,2025,20.6,14.2,48.4,18.2,0.0,False,1.0,0
2025-10-18,10,2025,19.4,10.2,41.9,19.1,0.0,False,1.0,0
2025-10-19,10,2025,26.3,15.1,88.8,7.5,0.0,False,0.0,0
2025-10-20,10,2025,23.8,16.6,55.6,24.8,0.0,False,0.0,0
2025-10-21,10,2025,21.5,10.0,61.1,17.3,0.0,False,0.0,0
2025-10-22,10,2025,20.4,11.6,80.6,10.5,17.2,True,1.0,0
2025-10-23,10,2025,21.0,11.1,58.2,32.9,0.0,False,1.0,0
2025-10-24,10,2025,26.1,13.0,45.3,20.4,0.0,False,1.0,0
2025-10-25,10,2025,22.9,17.4,80.2,48.7,0.0,False,1.0,0
2025-10-26,10,2025,19.5,13.8,46.6,6.8,0.0,False,1.0,0
2025-10-27,10,2025,25.2,17.2,50.1,18.7,0.0,False,1.0,0
2025-10-28,10,2025,23.8,13.3,47.1,12.5,0.0,False,0.0,0
2025-10-29,10,2025,22.3,16.9,51.3,33.3,0.0,False,0.0,0
2025-10-30,10,2025,24.5,12.2,52.0,8.8,0.0,False,0.0,0
2025-10-31,10,2025,20.9,12.7,77.0,3.5,0.0,False,0.0,0
2025-11-01,11,2025,20.4,5.6,44.9,16.4,0.0,False,0.0,0
2025-11-02,11,2025,14.4,11.8,74.1,24.5,0.0,False,0.0,0
2025-11-03,11,2025,15.7,9.3,86.5,41.9,0.0,False,0.0,0
2025-11-04,11,2025,14.6,8.6,72.1,22.3,0.0,False,0.0,0
2025-11-05,11,2025,17.0,7.1,57.2,9.5,0.0,False,0.0,0
2025-11-06,11,2025,16.1,11.3,82.8,14.1,0.0,False,0.0,0
2025-11-07,11,2025,17.1,10.6,85.8,28.9,0.0,False,0.0,0
2025-11-08,11,2025,18.0,7.3,65.2,13.2,0.0,False,0.0,0
2025-11-09,11,2025,19.4,13.2,68.7,8.9,12.7,True,1.0,0
2025-11-10,11,2025,18.4,9.8,69.6,12.0,0.0,False,1.0,0
2025-11-11,11,2025,18.6,9.3,46.8,5.8,26.6,True,2.0,0
2025-11-12,11,2025,22.0,14.4,59.0,27.8,30.8,True,3.0,0
2025-11-13,11,2025,17.3,9.5,81.4,12.0,0.0,False,3.0,0
2025-11-14,11,2025,14.4,9.5,66.5,28.2,0.0,False,3.0,0
2025-11-15,11,2025,20.4,9.0,87.9,32.2,0.0,False,2.0,0
2025-11-16,11,2025,22.6,15.4,71.4,16.8,0.0,False,2.0,0
2025-11-17,11,2025,18.5,15.3,79.8,33.1,0.0,False,1.0,0
2025-11-18,11,2025,20.1,12.4,52.6,45.8,20.9,True,1.0,0
2025-11-19,11,2025,16.4,9.5,68.5,39.2,0.0,False,1.0,0
2025-11-20,11,2025,18.5,8.3,81.3,43.5,0.0,False,1.0,0
2025-11-21,11,2025,19.6,11.0,47.8,40.0,8.9,True,2.0,0
2025-11-22,11,2025,18.9,10.1,67.5,41.5,0.0,False,2.0,0
2025-11-23,11,2025,16.7,6.0,71.1,25.3,0.0,False,2.0,0
2025-11-24,11,2025,22.1,12.9,49.5,8.7,0.0,False,1.0,0
2025-11-25,11,2025,18.4,8.7,72.5,23.3,0.0,False,1.0,0
2025-11-26,11,2025,20.3,11.6,43.4,45.7,0.0,False,1.0,0
2025-11-27,11,2025,19.0,9.7,79.8,10.9,0.0,False,0.0,0
2025-11-28,11,2025,20.2,9.8,56.6,24.6,22.0,True,1.0,0
2025-11-29,11,2025,20.3,6.6,64.6,8.1,0.0,False,1.0,0
2025-11-30,11,2025,17.5,7.8,59.5,48.1,0.0,False,1.0,0
2025-12-01,12,2025,18.1,5.4,56.7,15.8,0.0,False,1.0,0
2025-12-02,12,2025,21.4,6.9,90.4,13.8,0.0,False,1.0,0
2025-12-03,12,2025,21.0,7.8,84.8,10.0,0.0,False,1.0,0
2025-12-04,12,2025,17.9,6.3,55.4,32.6,0.0,False,0.0,0
2025-12-05,12,2025,20.2,5.1,48.2,22.0,0.0,False,0.0,0
2025-12-06,12,2025,12.7,9.6,67.0,20.7,0.0,False,0.0,0
2025-12-07,12,2025,19.7,7.0,47.0,11.0,0.0,False,0.0,0
2025-12-08,12,2025,16.2,8.2,73.1,8.2,0.0,False,0.0,0
2025-12-09,12,2025,11.5,7.9,51.9,6.5,0.0,False,0.0,0
2025-12-10,12,2025,16.4,4.8,44.9,21.8,0.0,False,0.0,0
2025-12-11,12,2025,18.4,5.4,41.1,26.6,0.0,False,0.0,0
2025-12-12,12,2025,14.3,9.1,83.8,15.9,0.0,False,0.0,0
2025-12-13,12,2025,20.8,11.9,47.3,7.3,0.0,False,0.0,0
2025-12-14,12,2025,19.4,8.2,60.5,7.1,13.7,True,1.0,0
2025-12-15,12,2025,12.8,5.3,44.8,19.2,0.0,False,1.0,0
2025-12-16,12,2025,18.5,10.1,46.0,13.4,28.6,True,2.0,0
2025-12-17,12,2025,16.3,2.9,59.1,23.8,0.0,False,2.0,0
2025-12-18,12,2025,14.6,4.9,48.4,40.3,0.0,False,2.0,0
2025-12-19,12,2025,15.2,10.2,76.7,6.0,0.0,False,2.0,0
2025-12-20,12,2025,14.9,5.9,46.4,7.9,0.0,False,1.0,0
2025-12-21,12,2025,13.0,10.8,77.7,21.9,0.0,False,1.0,0
2025-12-22,12,2025,14.9,2.7,82.9,12.3,0.0,False,0.0,0
2025-12-23,12,2025,17.7,5.4,44.2,26.2,0.0,False,0.0,0
2025-12-24,12,2025,19.6,7.8,42.0,17.7,0.0,False,0.0,0
2025-12-25,12,2025,19.6,7.5,65.2,40.4,0.0,False,0.0,0
2025-12-26,12,2025,14.6,7.7,70.6,14.0,0.0,False,0.0,0
2025-12-27,12,2025,15.7,6.9,74.9,26.4,1.0,True,1.0,0
2025-12-28,12,2025,13.9,5.4,64.4,21.3,0.0,False,1.0,0
2025-12-29,12,2025,18.6,9.5,67.7,25.4,0.0,False,1.0,0
2025-12-30,12,2025,11.9,5.3,68.0,12.0,0.0,False,1.0,0
2025-12-31,12,2025,12.6,3.9,76.4,19.9,0.0,False,1.0,0
